;Nome ;CEP;
1;PETRAMIX;03974-050;
2;GMAX Soluçoes em aço;71225-525;
3;Mafra Mix;88735-000;
4;M3 Concreto;66825-673;
5;Cotragon Concreto;83025-323;
6;Vale Concreto | Lajes e Concreto Usinado;06695-210;
7;taguamix concreto ;72276-010;
8;Concreteira Delta Mix;14175-360;
9;henrimix;07261-650;
10;12 Mix Concreto & Argamassa;;ENGEMIX CONCRETO - 74923210
11;Goolmix Concreto;43700-000;VM6 Empreendimentos - 36330-000
12;Dipamix Concreto;83707-740;Vences Mix - 7175331
13;Qualimix Concreto;12200-000;UON - Usina Ouro Negro - 67020590
14;Concrelider Concretos;;Marco Zero Construção - 37554-020
15;Bernamix Concreto;73700-000;Via Concreto Locaçoes - 43810000
16;Baruc Concreto;44057-350;Concreatus pré-moldados - 68.193-000
17;Azul Concretos;82130-570;Pav Tubo Indústria e Comércio - 79013545
18;Wm-concretousinado-sidro;79170-000;Benéfica Concreto - 35910000
19;JatoTech🇧🇷;;Hipermix Barueri SP - 06612-000
20;Concremais | Lajes & Concreto;88215-000;Tabal Mineração - 68647000
21;MIX CONCRETO Soluções em construções civil;;NACIONAL BOMBAS - 37130226
22;CARRAMIX CONCRETO & ARTEFATOS;85400-000;IMPREMIX PREMOLDADOS - 42710600
23;TRIO CONSULTORIA TÉCNICA;74913-130;Grupo AP2 - 61635020
24;MBMIX CONCRETO;47819-899;Norte Mix - 29930000
25;Concremais;95590-000;Concrete Já - 09015-510
26;Brascon Concreto;83.512-252;Back Engenharia - 25953008
27;Concresul Trindade; 75.384-627;KDM Pré-Moldados - 88906101
28;Concreroma Concreteira;86.181-570;Petromix - 25750226
29;CARRA Construtora;;Rodomix Concreto - 34800000
30;DF Bombas e Concreto;;Concrevale | Artefatos de cimento - 76874000
31;CONCREHAUS;88220-000;Locarmix Concreto Usinado - 78045280
32;Pontal Mix Concreto;75620-000;Concrecon Salvador-Ba - 41230-085
33;Ribeiro Concreto;17039-741;Welmix Concreto - 38407180
34;Pedreira Costa;94100-370;Metro Cubico Concreto - 66623590
35;Soluções Mix;;Visão Concreto - 85859712
36;União Bombas;;CONCREMAX CONCRETO DE OURINHOS - 19914005
37;GCMIX | CONCRETO USINADO;35501-194;Soluções em Concretos - 75250-000
38;empar parcerias;;ROMIX CONCRETO USINADO - 7221030
39;Master Concreto;14240-000;Nova Potência | Concreto Usinado Jandira - 06660-080
40;Ak Concretos;;BALSAMO CONSTRUÇÕES LTDA - 78080540
41;BSB mix ;73040-110;
42;Jmix concreto e servicos;48110-000;
43;Estruturall Concretos;88715-000;
44;Stone concreto usinado;46300-000;
45;GRUPO ALLPAV CONSTRUTORAS;;
46;Fmix Itaquaquecetuba;08573-260;
47;Super Beton 12 unid;88.374-005;
48;Londres Bombas de Concreto;;
49;Concreusi;55.920-000;
50;GGMIX CAIEIRAS;07.713-100;
51;Londribaza Concreto e Argamassas;86.032-060;
52;Multipaver@artefatos cimento;08745-220;
53;Razente Concretos;87.720-115;
54;Rentalog Logística 🚜🇧🇷;11672-150;
55;Itaueira  pavimentação;;
56;DVS - Fresagem de Pavimentos;06463-300;
57;A3A MIX Concreto;09132-410;
58;Betonita Itabirito;35.435-000;
59;AGMIX CONCRETO;69315-315;
60;ConcreMaia - Concreto Usinado;07232-151;
61;LAGOMIX | CONCRETO BOMBEADO;28.945-010;
62;Liga Mix Brasil;86806-400;
63;Iporá Concreto;;
64;Master Mix Concreto;57.990-000;
65;Riopremix;15.062-009;
66;CONCREBOM ; 75.375-000;
67;Usemix Concreto Ltda ;69.084-049;
68;MM Concretos;35.495-000;
69;Construtor MIX Concretos;;
70;Vassouras Mix;29.702-435;
71;Central Mix Concreto bocaiuva;39390-000;
72;Consfor Concreto;17539-056;
73;Realmix Bombas & Concreto;74.922-555;
74;CONCRELINE LOCAÇÕES;30.390-120;
75;CONCRETINS;;
76;CONCRELAGOS ;;
77;Asfalto Sideral;;
78;reallocacoes;15150-000;
79;JL CONCRETOS;87065-170;
80;CONCRETOMAC;62595-000;
81;Gramix Concreto;19911-200;
82;BsB.MiXConcreT;;
83;Mix Paraná concretos e argamassas;86806-310;
84;Premax;48110-000;
85;CONCRETA ENG. & SERVIÇOS;;
86;Vale do Sol Argamassa Concreto;83505-730;
87;Concrexap;89810-460;
88;Vitoria mix concreto;13053-155;
89;CARPINA MIX CONCRETO;55814-280;
90;Dalamix Soluções em Concreto;97500-970;
91;Nova flecha mix concreto e locação;12.246-870;
92;Concreto São Cristóvão;20941-070;
93;Betomix;14.404-000;
94;mmolocacoes;15080-010;
95;Granmix Concreto;79849-899;
96;CMM Engenharia;85802-150;
97;Concrereti;13414-244;
98;BETOMIX CONCRETO USINADO;19400-236;
99;Xistomix Concretos;96745-000;
100;Concrelog;06422-100;
101;Concrelog;06816-550;
102;Concrelog;13185-020;
103;Nery Ambrósio ConstruPav;58.038-170;
104;Calimix Tecnologia em Concreto;86200-000;
105;Concretos Rio Claro;75802-220;
106;JP MIX;37900-048;
107;Minas Mix;38703-730;
108;Concreplus Concreto LTDA;79950-000;
109;JR MIX CONCRETO USINADO;71.596-321;
110;Bassani Transportes Pesados;89713-160;
111;Emparsanco S.A;09780-000;
112;Udimix Concreto;75536-130;
113;CONSTRUMIX;08562-140;
114;FMIX Concreto Caieiras;07700-000;
115;VALMIX CONCRETO LTDA;29168-080;
116;RD CONCRETO;09372-000;
117;Hipermix;37030-087;
118;RB Mix Concreto ;18760-000;
119;VANDER LOC ;;
120;Betomix;;
121;Yokoyama Locação;;
122;Entregamix Concreto;;
123;Loc Transportes e Equipamentos;;
124;CONCRETO ALBATROZ 🏢🏡;;
125;Unidade Lagoa da Prata;;
126;Vieira-MiX;;
127;LF Concreto;;
128;Marcos Chagas;;
129;Novo Mix concreto Usinado;;
130;ACTIO Infraestrutura de Engenharia;;
131;Figueiredo Lucio;;
132;Central Mix Concretos;;
133;Luran Mix Concreto e Argamassa;;
134;Pavimentação Asfáltica;;
135;Grupo Borges | Cimento e Concreto;;
136;CONCRETO USINADO;;
137;DEPAV;;
138;ENGEMIX CONCRETO;74923-210;
139;Casa Nova Mix;;
140;Ponto Mix lajes e concreto;;
141;Marcelo Oconoliveira;;
142;JC Nunciato Terraplenagem 🇧🇷;;
143;Andrade Júnior;;
144;VM6 Empreendimentos;36330-000;
145;COMPACRENTAL;;
146;Vences Mix;07175-331;
147;MIX CONCRETO USINADO E LOCAÇÕES DE BOMBA;;
148;Rodomix Concretos;;
149;CONCRET NORTE_;;
150;FCK CONCRETOS;;
151;CONPEV Concretos;;
152;ADRIMIX LOCAÇÕES;;
153;Carioca Mix;;
154;Concretex Toledo;;
155;Weronka Bombas;;
156;CP MIX CONCRETO USINADO;;
157;inframix;;
158;UON - Usina Ouro Negro;67020-590;
159;rodrigo.lagomix;;
160;Concreteira Mariana Mix;;
161;Jas Mix - Concreto Bombeado;;
162;KiMuRa ConcretO;08735-285;
163;》Jai (Jaimix Concreto);;
164;Marco Zero Construção;37554-020;
165;Martini Rental Mix;;
166;Gilvaldo Engel;;
167;Os Qualificados de Bh 🤘🏻;;
168;CF Mix Concreto;;
169;Via Concreto Locaçoes;43810-000;
170;Concrethor;;
171;Concreatus pré-moldados;68.193-000;
172;Pav Tubo Indústria e Comércio;79013-545;
173;Benéfica Concreto;35910-000;
174;Hipermix Barueri  SP;06612-000;
175;Tabal Mineração;68647-000;
176;𝘜𝘴𝘪𝘯𝘢 𝘊𝘰𝘴𝘵𝘢 𝘔𝘪𝘹;;
177;NACIONAL BOMBAS;37130-226;
178;Supercon Concreto;00017-017;
179;GF Mix Serviços de Concretagem;;
180;IMPREMIX PREMOLDADOS;42710-600;
181;Grupo AP2;61635-020;
182;Damac mix;Penapolis   SP;
183;VIEIRA PAVIMENTAÇÃO;;
184;TRAÇO FORTE PREMOLDADOS;;
185;Artefatos de Cimento Willers;;
186;Norte Mix;29930-000;
187;Concreto Rei;;
188;VOLCAN;;
189;Concrete Já;09015-510;
190;Dinamik Sistemas Construtivos;;
191;GBCon Concreto Usinado;;
192;Britolux;;
193;Amendonça Concretos e Argamassas;;
194;Back Engenharia;25953-008;
195;KDM Pré-Moldados;88906-101;
196;Vetor Concretos;;
197;Pimentel Embu Guaçu;;
198;Petromix;25750-226;
199;Rodomix Concreto;34800-000;
200;Missio Mecanica Pesada e Industrial;;
201;Concrevale | Artefatos de cimento;76874-000;
202;Locarmix Concreto Usinado;78045-280;
203;Pilar Pré-moldados;;
204;Masa Concretos;;
205;Concre Master Lajes e Concreto;;
206;Matieli Mix Concreto;;
207;Concrete • Concreteira;;
208;Concrecon Salvador-Ba;41230-085;
209;Welmix Concreto;38407-180;
210;CONCREFORTY;;
211;JCT PAVIMENTAÇÂO&ENGENHARIA;;
212;Metro Cubico Concreto;66623-590;
213;Pedreira e Concreteira Sul Britas;;
214;Visão Concreto;85859-712;
215;Jmix Concreto;;
216;CONSTRUTORA P🔺️VIMINAS;;
217;AL Concreto Usinado;;
218;EFMIX CONCRETO 34-3316-3011;;
219;Cmax Concreteira;;
220;Concrealto;;
221;CONCREMAX CONCRETO DE OURINHOS;19914-005;
222;Soluções em Concretos;75250-000;
223;ROMIX CONCRETO USINADO;07221-030;
224;Nova Potência | Concreto Usinado Jandira;06660-080;
225;Altivo Queiroz;;
226;BALSAMO CONSTRUÇÕES LTDA;78080-540;
227;Praiamix Concreto;;
228;concreteira riomafra maahs;;
229;TokForte Concretagem;;
230;concretubos;;
231;Multimix Comercio De Concreto De Teresopolis;;
232;Pavimento Sorocaba;;
233;Concreto Brasília Bombex;;
234;Ciclo do Concreto;;
235;R&R PAVIMENTAÇÃO LTDA;;
236;NOROESTE ASFALTOS;;
237;Alepav Pavimentação e Locação.;;
238;Concrete - Solucões em Concreto Usinado;;
239;Enge Massa;;
240;Tc Concreto e Distribuidora;65590-000;
241;Karina Oliveira;;
242;Concretu's Usina de Concreto;;
243;Safra Concretos | Concreto Usinado;;
244;CONCREGUA CONCRETO E ARGAMASSA;;
245;CENTEC CONSULTORIA E SERVIÇOS TÉCNICOS;77813-050;
246;Macucolaje Paraty;23970-000;
247;Coopermix Concretos;74993-130;
248;CONCREBLOCOS ®️;39440-000;
249;Agemax concretos;98400-000;
250;Fox Bombas 🦊;;
251;Concrenit Artefatos de Cimento;83409-650;
252;Dantas Locações;;
253;Concretnorte;;
254;Marrom.mix;;
255;Pavimax Rodovias;89.900-000;
256;Pavmaster Pavimentação;;
257;QZ Concretos;;
258;Tecsane Eng.  Pavimentação;;
259;UBAMIX CONCRETO E LAJES;11680-000;
260;DPMIX Bombeamento;;
261;Concretudo;23822-090;
262;eng.marcos gomes;;
263;PAVING TECH;;
264;CONCRENOR;;
265;R CAP;;
266;Concrepassos Ltda;;
267;CENTRALMIX CONCRETOS;;
268;Usecon Concretos;;
269;Samanta Comercial Liga Química;;
270;Concreteira Lajeresk;;
271;TRIUNFO INFRAESTRUTURA;;
272;AMAPÁ-LOC;68901-025;
273;Terra Mogi Terraplenagem Pavimentação e Material de construção;;
274;CONCRETO USINADO;;
275;NJ Pré - Moldados Engenharia;;
276;LK Concrenavi Amambai;;
277;Precom;35300-104;
278;Fronza Concreto Industrial;;
279;Concrexap Frederico Westphalen;;
280;Susmix Concreto;;
281;BANDMIX CONCRETO;;
282;Dallé CONCRETOS;96400-970;
283;𝐌𝐉𝐂 𝐂𝐎𝐍𝐂𝐑𝐄𝐓𝐄𝐈𝐑𝐀;;
284;Roque Carlos Oliveira Jr.;;
285;Tiago;;
286;Goias Pavimentacoes e Asfaltos;74923-420;
287;Secular Asfaltos;58301-645;
288;Polipav;;
289;AVMIX CONCRETOS;;
290;Concremix Concretos;;
291;Qualitá Locação & Equipamentos;;
292;Riomix - Concreto Usinado;;
293;Ensaios em Concreto, Argamassas, Empreiteira de Mao de Obra;;
294;Concreto Usinado Df 4104-1262;72322-310;
295;RONNY MIX;;
296;Aconcretar Concreto e Ferragem;14402-415;
297;Demacon Demamix (NOVO);;
298;R3Mix Concreto Usinado;;
299;TARCAL;;
300;Concrepool;;
301;"CVC Concreto Bombeado🤜🤛
Cristiano Moreira 97647-9782";;
302;VIGAFORTE Concretos;;
303;SUL VALE CONSTRUTORA;81710-010;
304;🏗️ ConcreValle;;
305;Fortimix Concreto;37468-000;
306;ARGAMASSA & CONCRETO JCD;;
307;O Concreteiro;;
308;Construtora Angelu's;;
309;CCR Locação;;
310;CONCRETO USINADO | H2 CONCRETO;;
311;ASFALTARE - Soluções em Asfalto;69415-000;
312;Econcreto;;
313;Concremax Concreteira;;
314;Concreto ConcrettMixx;;
315;Pavimentar;;
316;Concreteira Capital Mix;69025-000;
317;Concreto Mix da Villa;;
318;ARTCON;;
319;JM2 Infraestruturas;17012-056;
320;CONCRETO USINADO;;
321;𝕊𝕌ℙ𝔼ℝ 𝕄𝔸𝕏 ℂ𝕆ℕℂℝ𝔼𝕋𝕆;78110-000;
322;Via Mix Concreto;;
323;Gaplan Caminhões;;
324;Reghimix Bauru;;
325;Concreramos.oficial;;
326;Mecânica Miloca;07135-163;
327;Inmaprel Pré-Moldados;;
328;CONCREPORTO;;
329;Linhares Mix Concreto;;
330;Black Mix Bombas e Concreto Usinado Ltda;;
331;Superbase Concreto;18401-440;
332;Leandro Marin;;
333;PAVITEL;;
334;Pavimentação Araras;;
335;Pavimenta Asfaltos;16950-000;
336;concreto união;;
337;Concrereti Vargem Concreto Usinado;12935-000;
338;Premix Concreto;;
339;Brasmaq;;
340;Inpacto Mix;;
341;Artefatos de Cimento Líder;83514-000;
342;Hmix Indústria de Concreto;;
343;Novamix - Concreto e Argamassa;81460-070;
344;SUPERPAVER ASFALTOS;;
345;RJ CONCRETAGEM;53300-180;
346;Poção Mix;53620-856;
347;Concreloc locacoes;;
348;Costa & Castro Concretos;;
349;Durafort Concreto;;
350;MV PAV Engenharia;91780-576;
351;TatuíMix Concreto;18280-465;
352;fort beton concretos;;
353;Schein Concretos;;
354;Formax | Concreto Usinado;;
355;Contern Pré fabricados;08686-000;
356;Liliane - Novamix;;
357;Freitas Concreto;18730-000;
358;Pavilaje Pré-moldados LTDA;89930-000;
359;Concreteira Terra São João da Boa Vista;;
360;EBS águas;;
361;Sr Pavimentadora Pisos e Construções;;
362;Comak Concretos;00066-368;
363;Bennter - Argamassa Express RS;;
364;teccon concreto;;
365;VERO CONSTRUÇÃO;;
366;CONCRENOVA Concreto;29136-522;
367;Berto Pre Moldado;;
368;Blocos De Concreto Von Ah;;
369;Concreto Redimix JP;;
370;Concreteira;;
371;Mix Real Concretos;68906-301;
372;Cotragon Minérios;;
373;M2 Concreto e Locações;;
374;Concrebem Concreto Oficial;;
375;Concreto Confiança;;
376;FATALI PAVIMENTAÇÃO;;
377;ULTRAMIX CONCRETOS;92420-030;
378;dias pavimentações;;
379;SuperMassa Santarém;68025-740;
380;Golden Mix Concreto;;
381;Concreteira Qualimix;;
382;Pavimentação Asfáltica;65055-360;
383;RealX (Conta desativada);;
384;Prefabricados Concreto;;
385;Soebe Construtora;05425-070;
386;Concretale;;
387;;;
388;Concrebona - Concreto Usinado;76270-000;
389;Agremix Concreto;;
390;Concretomix G.Valadares;35054-060;
391;Base Mix Concretos;;
392;CM Locação de bomba e concreto usinado 🚧;;
393;Concreto Usinado e Locação;;
394;Robemix Concreto Ltda;;
395;CM_Concretos Mix;;
396;Rondomac;;
397;R.B.J concreto;;
398;MultiMix Concretos;;
399;Só Rolos Locações;83020-840;
400;EMACO ENGENHARIA DE MAQUINAS DO CONCRETO;83035-030;
401;Concretize;;
402;N&F Concretagem e Construções;;
403;CONCRETO USINADO;;
404;Northmix Bombas;02726-150;
405;EUROTERRAPLANAGEM;;
406;Eco-X;;
407;JGR Construção & Engenharia Profissional;;
408;CMix Concreto;;
409;Concreteira santa helena;;
410;brasilia Concreto Usinado Df;;
411;M&G Asfaltos;35.184-034;
412;;;
413;Basemix Concretos;00008-500;
414;AGMIXCONCRETO;;
415;Campmix Concreto Usinado;13033-325;
416;Concretti Concreto;;
417;Concreto Bombeado em 10x;22710-255;
418;BAS PAV CONSTRUTORA;;
419;BRITAX Concreteira e Pedreira;36.325-000;
420;𝗖𝗢𝗡𝗖𝗥𝗘𝗧𝗔 𝗙𝗢𝗥𝗧𝗘;;
421;Hipermix - Filial de Curitiba;83413-560;
422;Terra Concreto Jaguariúna;13820-000;
423;COESO Concreto Estrutura Obras;76980-000;
424;Engap Concreto Projetado;38200-000;
425;JKS MIX Concreto;18260-000;
426;Regional Concreto;14340-000;
427;LONDRIMASSA CONCRETO;;
428;Neumix São Bento do Sul;;
429;Concre ABC;86.066-230;
430;;;
431;Concrefacil;;
432;INTECH - Concreto e Argamassa;;
433;Concreto Já;;
434;RondoMix;;
435;Concretos CBR;;
436;Eng. Luan Kêndiner;;
437;Léo Mix;;
438;Aplipav;;
439;Pavieco Asfalto Sustentável;65054-040;
440;Hiper Concreto;;
441;Brahmix Concreteira;;
442;Concrelit®;11630-000;
443;Concreto Monaco;;
444;TERCONPAV;;
445;Construtora Santos & Paganelly;64.760-000;
446;WM concreto usinado;;
447;serafim locações;;
448;CONCRETO•COM;29158-200;
449;Queiroz Concreto;;
450;Brita mix;;
451;Unamix Arinos;;
452;INFRAESTRUTURA RODOVIÁRIA;;
453;Luke Concreto;;
454;MRA - PAVIMENTAÇÃO;;
455;REDIMIXPE;;
456;Fenix Mix Concreto;35860-000;
457;Camerro Pré-Fabricados;13457-172;
458;Frota Construções;;
459;Concreferres;16700-000;
460;Cimel Engenharia;78301-522;
461;Lança Concreto - Lucas Cruz;;
462;GRUPO FM;;
463;Arquitetura, Construção e Pavimentação;07082-530;
464;Tubos de Concreto | Saneamento;17539-050;
465;FORTMIX CONCRETO;08693-010;
466;Concrevale Concretos;;
467;ALUGUEL DE EQUIPAMENTOS;88110-695;
468;ROCA concretos;;
469;Souza Brito engenharia em instalações;;
470;Concreteira e Pré-Moldados;;
471;Barrafort Concreto | Empresa;;
472;Fabio S Pereira;;
473;Prime Concreto;;
474;Astmix Concretos;86730-000;
475;Serrano Concreto;;
476;Concrecharq  Concreto;;
477;Unibeton Concreto;07232-151;
478;Brumaq Locações;;
479;Concreto Carmelitano;;
480;R&A Concreto e Aço;86730-000;
481;CreteBeater®- Concrete Remover;;
482;Concreto Usinado;;
483;Concreto Amazonmix;;
484;Zanon Pedras e Concretos;36844-000;
485;Maquipav Construções;;
486;BRMIX Concretos;;
487;ULTRAMAR CONCRETO;;
488;Grandmix concretos e pisos;;
489;𝐓𝐨𝐭𝐚𝐥𝐦𝐢𝐱 𝐂𝐨𝐧𝐜𝐫𝐞𝐭𝐨𝐬;;
490;Concretmais Vila Nova;35.931-073;
491;Grupo Schumann;;
492;Paviforte Engenharia;;
493;Porto Branco;;
494;pavimentos;;
495;Concre log;;
496;JR Pavimentação;;
497;3M SILVA LOCADORA;83005-300;
498;Grupo São Domingos 🚧;37072-020;
499;CONSTRUMIX CONCRETO USINADO;;
500;FDNORTE;;
501;Construtora Terra Santa;;
502;Concretmais Manhuaçu;;
503;Pav K;13251-460;
504;CONCREAÇO;08987-200;
505;O Jovem Concreteiro🇧🇷;;
506;;;
507;🔺TerraminasMix;38706-336;
508;Ibimix Concreto Oficial;;
509;GoldMix Concretos;;
510;Matieli Mix;18103-555;
511;Jovandro Lima Concrecharq;;
512;Da Rocha Mix Concreto;;
513;Josimar Gonçalves;;
514;PavFran Soluções e Negócios;;
515;Morais Concreto;;
516;Alfa Mix Concreto;;
517;Susmix Concreto e Argamassa;;
518;Líder & MB Mix Concreto;45609-000;
519;Concretomix 9000;;
520;Serviço de concretagem;;
521;Qualicreto;;
522;CONCREMAR PB LAJES E CONCRETO;;
523;Premocon Premoldados Nunes;;
524;Concremassa;14820-000;
525;Grupo Cantieri;37950-000;
526;Domingos Neto;;
527;rcobrasil;;
528;Concreto FEI;;
529;Santiago Concretos;;
530;Calmix Preparação de Argamassa e Concreto 🇧🇷;;
531;NakiMix;08735-285;
532;VN Artefatos de Concreto;78180-000;
533;Concremar Concreto;58500-000;
534;Tw Terraplanagem;;
535;concreuni;;
536;Engecreto;;
537;CONCREMIX;;
538;Horizonte Pavimentação;;
539;Pavisul Engenharia;;
540;𝐏𝐀𝐕𝐓𝐄𝐂𝐊 𝐀𝐒𝐅𝐀𝐋𝐓𝐎𝐒;;
541;Concrexap São Miguel do Oeste;;
542;Ari Funilaria e Pintura;;
543;ALFA PAVIMENTAÇÃO | Serviços em Asfalto;;
544;Techmix;53620-805;
545;Verc Concretos;;
546;FDMIX CONCRETO;;
547;TOTAL PAV;;
548;Engepav Engenharia;;
549;Bilumix Concreto e Argamassa;;
550;Concre Chap;;
551;SARMIX CONCRETO LTDA;72872-457;
552;CONCRECEC Concreto Usinado;;
553;CSS Rental;34006-053;
554;OBRAGEN;;
555;Concreto Salinas;;
556;Mundo Mix;;
557;Concretos Knapp;89887-000;
558;;;
559;Cimento Holcim;;
560;𝑪𝒐𝒏𝒄𝒓𝒆𝒕𝒎𝒊𝒙 | em Januária e Montes Claros-MG;39480-000;
561;Gruppi Concreto;18605-507;
562;Maxi Concreto;;
563;CONCREBETON | CONCRETO E ARGAMASSA;;
564;Valloc locação transportes e serviços;05224-010;
565;BOX PAVER Cifali;94935-225;
566;SITI EQUIPAMENTOS;13848-315;
567;Paganini Construções;78559-970;
568;PRÉ-MOLDADOS;74735-510;
569;M&M LOCAÇÕES;;
570;BMP MIX Concreteira 🚀;;
571;Pavitec Construtora Pavimentora & Terraplanagem;;
572;Silvacreto 🇲🇽;00053-489;
573;Moraes Concreto;88337-090;
574;City Mix;35790-000;
575;DEMAMIX - Unidade Laranjeiras;85303-520;
576;BetonForm LTDA;;
577;ConcretoUsinado.com.br;;
578;Cercon Concreto e Locações;;
579;Concreto Eng. de Concretos;;
580;Chamix Concreto;88370-888;
581;Neomix Concreto;14140-000;
582;;;
583;Grupo Coelho Concreto;;
584;CVMIX Concreto e Pré Moldados;49400-000;
585;Solodimix AGV;09990-155;
586;HT LOCAÇÃO E CONSTRUÇÃO;;
587;RJ Concreto;17605-540;
588;Potiguarmix;58600-000;
589;Usinorte Empreendimentos LTDA;;
590;Sondex Equipamentos;36400-255;
591;SOBRATEMA;05001-000;
592;Fortmix Concreto;;
593;Faz Betom Concreto Ltda;;
594;Unamix Concreto;;
595;UBEMIX CONCRETO;;
596;CONCRETO USINADO;;
597;;;
598;Concrexap;;
599;UNAMIX Paracatu, Minas Gerais;;
600;STORM BLOCOS E PRÉ-MOLDADOS;;
601;Concreteira Maionchi;;
602;VHC Pavimentações;;
603;Tolemix Concreto;;
604;SP Premoldados;45810-000;
605;Ricardo Pimentel;;
606;Pavimix DF | Terraplanagem | Bloquetes | Meio-fio;;
607;𝗖𝗢𝗡𝗖𝗥𝗘𝗖𝗘𝗥𝗧𝗢 | 𝗖𝗢𝗡𝗖𝗥𝗘𝗟𝗔𝗝𝗘;;
608;ITAQMIX CONCRETO E TRANSPORTE;65143-000;
609;Topcon;;
610;Hipertex Concreto;;
611;Concretovale;;
612;Novamix Imbituba;;
613;Edimar Moreira;;
614;Estrada Engenheira Viária;89057-205;
615;Grupo Camp;;
616;Premix Concreto;;
617;Concreto Usinado;;
618;CONCREBOM;;
619;Líder Mix Concreto;45700-000;
620;Cemare Drenagem e Pré-Moldados;;
621;tratortec;;
622;Fênix Asfaltos;;
623;Aramix Engenharia de Concreto Ltda;14175-332;
624;Amapamix;;
625;ENGETMIX;;
626;Grupo Falchetti;88702-803;
627;JB Concretos;;
628;concrelaje;;
629;MS Locações Munck e Guindaste;19031-780;
630;Gino Concreto;;
631;Concreto Promix;;
632;Udimix Concreto Ltda.;75.515-370;
633;Usimix Concreto Usinado;;
634;;;
635;LLA Const. e Pavimentações;;
636;SOLO MIX CONCRETO USINADO;;
637;Big Concreto;;
638;Concremil Concreto Usinado;78555-018;
639;ConstruMix Concreto Usinado 🤝🏻;;
640;CONCRE DF;;
641;Concreteira Terra Mogi Guaçu;;
642;Usina concremar paraiba;;
643;Fortmix Concreto;25245-000;
644;ACTMIX INDÚSTRIA DE ARGAMASSA;;
645;Maismix Concreto Usinado;14176-150;
646;Paraty Mix Concreteira;;
647;Arconcret;;
648;LIC concretos;;
649;Cristalmix Concretos Usinados;38600-000;
650;Levemix Concreto;;
651;Grupo JMR;;
652;MG MIX - Concreto;32145-480;
653;AVR Pré-Moldados;;
654;Ricardo Melo;;
655;Concre-rio;;
656;Asphaltech;506640-015;
657;TASSIUS LAGOMIX;;
658;TransBrito Transportes;;
659;Centerlub Distribuidora;56306-610;
660;Britasinos concretos;93700-000;
661;Neumix - Soluções em Concreto e Argamassa;89650-000;
662;Grupo Convicta;83055-530;
663;Concrecon Concreto e Construção LTDA;;
664;Sermix Concreto e Argamassa;;
665;ConcreABC Concreto e Argamassa;;
666;Jm Terraplanagem;;
667;Top Minas Mix;;
668;Artefatos Cimento Rio Branco;93700-000;
669;Solo Novo Concreto;38402-324;
670;BaseMix | Concreto e Argamassa;89640-000;
671;Paviterra Terraplenagem;;
672;Construtora Cepavi;12946-895;
673;Usimassa Concreto e Argamassa;;
674;BIG MIX;;
675;Beton Mix Concreto;89172-000;
676;Reis Bombeamento de Concreto;;
677;Concretos Roca;;
678;CONSPAV PAVIMENTAÇÃO;;
679;SUPERFORTE CONCRETOS UBERABA;;
680;TN Concreto Bombeado;;
681;Asfalto Novo;;
682;Concretec Concretos;;
683;Brasmix S/A;;
684;Southern Cal;;
685;JRC PAVIMENTAÇÕES E CONSULTORIA;86601-534;
686;LEBI MIX | CONCRETEIRA 👷🏻‍♂️;86800-060;
687;Concreto Usinado;49160-000;
688;Concrereti Paulinia/Bragança;;
689;ConcreMinas;;
690;Deltamix Concretos;;
691;Hobimix Concreto e Argamassa;83413-120;
692;Argajunckes Argamassa;88200-000;
693;FABMIX Concretos e Construcões;26052-530;
694;Portal da Engenharia Civil;;
695;PREMOL ®️;40810-010;
696;CBR - Concreteira Belford Roxo;;
697;ModernaPavers;;
698;Josan Mix;13612-410;
699;Concrepark Art Cimento;89990-000;
700;Concrecon Concreto e Construções;;
701;Concreto;75520-375;
702;Lenobetão Brasil;;
703;CONCRENORTE MIX;;
704;Anamix - Argamassas Especiais;75132-400;
705;Marcomix Concreto;;
706;CONCRETEC TECNOLOGIA DO CONCRETO;;
707;MAQSUL Betoneiras e Andaimes;94853-250;
708;Geopaving Engenharia;02945-120;
709;Diego Prado (11)9.9762-5382;;
710;GRMIX - Argamassas e Concretos;84052-195;
711;Ultracom Asfaltos;11930-000;
712;Jereissati Alphaville;;
713;Itamix Concreto & Bomba;;
714;Lajes Primer Concreto Usinado;72610-320;
715;Imperium Soluções Cimentícias;35304-210;
716;Super Concreto Ltda.;32371-615;
717;Portal Blocos de Concreto;13280-000;
718;Gamamix Concretos®;78898-103;
719;Fênix Const. E Pavim.;;
720;Lançamix Bombeamento;;
721;GRUPO LONDRIBAZA;;
722;concrefild;08260-270;
723;SudestePav Pavimentação;14720-000;
724;JKM Terraplenagem e Construções;;
725;MBM Mestre Das Bombas;13054-792;
726;Betânia Mix;;
727;YMA Pavimentação;;
728;Comix Concreto;;
729;Betemix M. Caminhões Betoneira;14175-332;
730;MPS MIX CONCRETEIRA Santarém;;
731;Concrecon Concreto e Construção Ltda;75905-055;
732;Meritus Agro;;
733;a3 Industrias de Estruturas Pré moldadas Ltda;;
734;Neobloco Blocos de Concreto;79042-010;
735;Kica concretepumping;;
736;𝐏𝐑𝐄́-𝐌𝐎𝐋𝐃𝐀𝐃𝐎𝐒 𝐍𝐎𝐑𝐎𝐄𝐒𝐓𝐄;;
737;ARTEFATOS CAMANDUCAIA;13830-000;
738;Dameda | Fundações;69041-010;
739;Pedreira Massaguaçu | Concreto e Artefatos;;
740;N&M PAVIMENTOS 👷🏻;;
741;Lagon Locações;05308-050;
742;Concreto Usinado;;
743;Pedreira Itereré;28035-100;
744;CB Paving Sul Engenharia;;
745;Infrasfalto Eng e Pav Ltda ®;;
746;Prm Pré-Moldados;;
747;CONCRETO USINADO | ARGAMASSA | MINERAÇÃO;;
748;Pavacontece Onde a Pavimentação Acontece em Tempo Real;;
749;CGM Concreto;97900-000;
750;QUALIMIX Concreto e Argamassa;;
751;Tecno Concreto;;
752;Reino do Bloco | Artefatos de Concreto;18640-000;
753;CONCREVESP CONCRETO;;
754;Qualimix Concreto;;
755;POWER MIX | Concretos e Argamassas;;
756;EngMix concreto usinado;;
757;CONCRETO FCK 25 PAULÍNIA SP (19) 9 8983 0855;;
758;🇧🇷 DAMAC MIX 🇧🇷;;
759;FMIX CONCRETO;09852-060;
760;Construtora Saimor;;
761;Angular Pré-moldados - Unidade Vila Velha (ES);;
762;LP Bombeamentos;;
763;Incomix;;
764;Usivale Concretos;;
765;Geramix Concreto;;
766;CONCRELIDER👷‍♂️🚛;;
767;concreto usinado;;
768;Mg mix Cajati;;
769;Constrular Pré-Moldados;;
770;Fera | Concreteira;79150-000;
771;Mapa Concreteira;38621-254;
772;JFS PERFURATRIZ;;
773;Premolucas Estruturas  Pré-fabricados;78455-000;
774;Cabelomix;;
775;Elebbre;;
776;Zanobia Concreto Usinado;;
777;Beton Norte - Concreto e Argamassa;;
778;FORT BETON;;
779;Azimute Pavimentação;88106-500;
780;São Jorge Blocos;;
781;Ibicon Concreto;;
782;Vazmix Concreto;;
783;Amazonia Blocos;78550-000;
784;CIMENTELA;;
785;GreenMix Concreto Fino;;
786;Concreto Concrelaje;;
787;Da-components (Darren Ansbro );TS15 9BG;
788;Artefatos de Cimento Passo Manso;89086-630;
789;Camacon Terraplenagem;;
790;New Mix Concretos;;
791;Concrefred Concreto Usinado;;
792;DTS Concreto Mix;;
793;Asfaltek Pavimentadora Asfaltica;04339-050;
794;Elohim Pré Moldados;;
795;Alugue Maq;38020-425;
796;CDR CONCRETEIRA;;
797;FIT CONCRETO;;
798;Ecomix Argamassas;;
799;Prime Service TEC Maq asfalto;;
800;Infraestruturando;;
801;Usicap - Usinagem Asfáltica;86200-000;
802;Interpav Asfaltos;;
803;Caka Engenharia;;
804;GRUPO CONQUISTAR;;
805;JD Concreto & Artefatos;;
806;FortBeton Concreto;;
807;JSA Construtora/Concreto;;
808;Mundo Concreto;;
809;MundialMix;;
810;Concreto Master | Concreto Usinado;92420-530;
811;Pavsul Asfaltos;;
812;Realmix Concreto e Argamassa;74922-790;
813;Concreto AlphaMix;38706-336;
814;Duvalle Concreto e Pré-moldados;;
815;CONCRETO EXPRESSO;;
816;Artefatos de Cimento São Pedro;;
817;Grezelle Mineração Artefatos e Concreto;84640-000;
818;FÊNIX Construtora TO;;
819;Brasfalto Oficial;;
820;pavimentação em excelência;;
821;Politejo;2050-038;
822;Superbeton Concreto;;
823;Sulconcretos;88955-000;
824;Rei Mix Concreto;13279-403;
825;SERRA CONCRETO;;
826;MAC Usinas de Asfalto;;
827;Bendermix Concretos;;
828;Propostes;;
829;PavFacil- Asfalto Frio;03653-000;
830;Concreto Premoldados;63045-010;
831;BOBMIX;;
832;Cr7 Representações e vendas;;
833;Arcol Artefatos;;
834;Concremassa;;
835;GTL Concreto;;
836;GV Premoldados;;
837;Campina Mix - Concreto e Argamassas;;
838;ARGAMAZZA;;
839;Construtora Fama;15.115-000;
840;NG Asfaltos;;
841;Speed Mix Concreto;;
842;Riblend - CONCRETOS ESPECIAIS;;
843;Rock Construtora;;
844;PLANACON CONSTRUTORA LTDA;79890-000;
845;METROPOLITANA CONCRETO;;
846;Construforte Premoldados;;
847;JP Mix Concreto Bombeado/Locações;;
848;Brasilpav Engenharia;;
849;Concreto Usinado para sua Obra;33170-462;
850;Mason Rental;31371-610;
851;INFRAMATA RENTAL;;
852;CONPASA CONSTRUTORA PARAIBANA - LTDA;;
853;Concre Sudoeste;;
854;ConcreteShow - O Evento da Cadeia Construtiva;;
855;ZEZÃO CONCRETAGEM;12580-000;
856;Pedreira Central Ltda;;
857;Paving;;
858;FM Concreto Bombeado;;
859;SOMAR MÁQUINAS E EQUIPAMENTOS;;
860;EuroPav Asfaltos;;
861;Euro Mix Concretos;35494-000;
862;Grupo Maran;;
863;Di Concreto • Santa Inês/MA;;
864;ConcreArte Pré-moldados;;
865;F.A Mix Concreteira;87507-011;
866;Villa Empreendimentos;;
867;Concreto Usinado Concrelagos;;
868;Walter Lopes Pré-Fabricados;55825-000;
869;Concretar Soluções em Concreto;74394-220;
870;CIA DO CONCRETO;95185-000;
871;Concreaço Sistemas Construtivos;;
872;Loqfácil | Aluguel de maquinas;58034-170;
873;Engenharia - TECVIA Engenharia;;
874;DUMIX CONCRETO;;
875;Grupo CMP;;
876;Polimix Agregados;;
877;Rialma Transmissora de Energia;;
878;ACA TUBOS;07400-000;
879;Poávias - Pavimentação e Limpeza Urbana;;
880;Jc Pavimentação Pavimentação;06454-050;
881;Britador e Concreteira Gerhardt;89868-000;
882;Goldpav Comercio de Peças Ltda;03184-020;
883;Stratura Asfaltos;;
884;DLN Pavimentação;;
885;MS Concretos;88380-000;
886;CONCRETO UFBA;;
887;Concretech;;
888;Brita Calherão;99050-000;
889;Terrapavi Terraplanagem e Pavimentação Ltda;40015-120;
890;Logmix Transportes;;
891;Uzemix;;
892;VRental Seminovos;;
893;CBS Engenharia;65800-000;
894;Grupo Riosul;;
895;PREFORTE;;
896;Concrevia;79750-000;
897;Concreluz;;
898;Faenello Concretos;;
899;MinasMix;;
900;Magalhães Concreto;68795-000;
901;Estruturas Ellwanger;96690-000;
902;BellMix Concretos;;
903;BLAS Máquinas | Locações de Máquinas Pesadas;;
904;Cortesia Equipamentos;03295-000;
905;MT Concreto;;
906;🄲🄾🄽🄲🅁🄴🄽🄾🄿;;
907;ALUGUEL DE EQUIPAMENTOS;;
908;JR Pavimentação;15775-000;
909;Polimix Argentina;B1832EWX;
910;Leon Ravanni Cosméticos;;
911;Concresuper;;
912;Concreto Pimentel Oficial;;
913;IMPERIAL CONCRETO;;
914;Supermix Concreto 🇧🇷;;
915;Engebel Construtora;;
916;Bela Mix Concreto Usinado;;
917;Monte Sião - Pré Moldados;;
918;Portal do Concreto;;
919;EmpresasCity;;
920;Cubmix Concreto Usinado;;
921;2W BLOCOS E PAVERS;;
922;Capital Mix Concretos;;
923;Sertão Mix;;
924;SJR EQUIPAMENTOS;;
925;Concrelucas    | Concreto Usinado;;
926;Basefort Argamassa e Concreto;;
927;Container & Munck 🚛💨 ContRio;;
928;Giamix | Concreteira;;
929;BASE 3 - CONSTRUTORA;75388-433;
930;Grupo Lajes;;
931;Concrepar;;
932;Fibras para concreto MM - São José em SC 🇧🇷;88115-163;
933;Pilar Quimica;;
934;Camacon Concretos;13318-000;
935;Engetek;89778-000;
936;Dynacal Estabilizante de solos;;
937;PLV construtora e Loc;;
938;AR artefatos;;
939;Pé Vermelho;;
940;Armelin Terraplenagem e Engenharia;13360-000;
941;Polixap Indústria e Comércio;;
942;Asfaltopav;86070-545;
943;Betmix Concreto;32649-420;
944;Construtora Simoso Ltda;13801-540;
945;Engemix;;
946;Concre+ Concreto Usinado;;
947;Grupo Fetz;;
948;Souza Mix Concreto;;
949;Pedracon;;
950;Impacto Construção;;
951;ConcreTAO Concreto Usinado;78890-000;
952;ARED CONSTRUÇÃO E PAVIMENTAÇÃO;07177-120;
953;Constroeste - Grupo Faria;;
954;Concretos Trevisan;96930-000;
955;PavConcreto;13082-740;
956;Construtora Guilherme;85813-100;
957;Daniel Augusto Nalin;;
958;BL LOCAÇÕES;35420-160;
959;Britagem Vogelsanger;;
960;SUPERTEX | CONCRETO E ARGAMASSA;;
961;GRUPO RTC;;
962;Confinart;15091-751;
963;Sobral Mix Concreto;;
964;Maahs - Concreto, Asfalto, Areia e Brita;;
965;Comercial Diesel;;
966;CONPATE ENGENHARIA;;
967;Concrevale;95880-0000;
968;KERBERMIX;89703-720;
969;Emam Asfaltos;;
970;Polimix Colombia;;
971;Stabil Argamassa e Concreto;95930-000;
972;Empreser Ltda;;
973;Polimix Concreto;;
974;NORTON CONSTRUTORA;- BA;
975;Funil de Vendas™ | A evolução da educação em vendas;;
976;Hipermix Brasil;;
977;LaraMix Concreto;;
978;BIG Concreto - Novo perfil;;
979;CENAFER;14403-265;
980;CCL CONCRETO;;
981;ConcreMinas Concreto e Argamassa;38280-000;
982;Arte em fazer concreto;;
983;LocExpress Recife | Franquia de Locação de Equipamentos;50750-360;
984;Itacon Concreto;13252-810;
985;D-MIX CONCRETO;;
986;Pedrinco Pedreiras e Concreto;;
987;Concreto Minas;;
988;LigeirinhoMix Concreto e Bomba;;
989;SC MAQUINAS PESADAS 🚜;;
990;CONCREMIX_CONCRETO_USINADO!;;
991;DiBase MIX Concreto;36955-000;
992;Concretix Concreto;;
993;PodCreto;;
994;Max Mohr;;
995;BDS Blocos;78550-292;
996;Concrebras;;
997;Fabrick Concretos;41505-130;
998;Terra Sol | Engenharia Geotécnica;;
999;PAVIMENTA BRASIL;;
1000;Construsul®️;95960-000;
1001;S Retros Pavimentação e Construção;;
1002;Construcenter Garcia;38360-000;
1003;Bruno Amorim pavimentação;;
1004;Areia Ana;88340-000;
1005;JP Pré-moldados;;
1006;Acecon Concreto;;
1007;VLP3 ENGENHARIA;;
1008;Construtora Vale da Serra e Concreto & Concreto;;
1009;Besen Material de Construção;;
1010;InfraBrasil Equipamentos Pesados;06422-100;
1011;Copex Importação e Comércio;;
1012;Brasil Central Infraestruturas - Pavimentação e Maquinário.;;
1013;SmartMassa | Concreto em Recife e região;;
1014;BRITAMIX CONCRETO;;
1015;Kapa Pavimentação;17516-280;
1016;Pará Concretos - Locações - Blocos 🏗️🧱🚧;;
1017;RP Materiais de Construção Ribas do Rio Pardo;;
1018;BETON MIX;;
1019;Rondotubos® Artefatos de Cimento e Pré-moldados;76.970-000;
1020;Brasif Máquinas;;
1021;Quimassa Infraestrutura;;
1022;Grupo TSL - Terraplenagem Santa Luzia;;
1023;Pedreira Rio Quati;;
1024;Putzmeister Brasil;12952-720;
1025;Compacta Engenharia;;
1026;Genésio Simão;;
1027;Coopmix Paraíba;58108-533;
1028;CBR Concreteira Belford Roxo;;
1029;Concretop;;
1030;Concreserv Concreto S/A;01515-000;
1031;Cortesia Concreto;03294-100;
1032;Magalhães Concreto Bombeado;;
1033;VRental;13330-210;
1034;🔴CONCRETEIRA MACHADOMIX (URUMIX)🔵;;
1035;Terraplanagem & Pavimentação;89805-430;
1036;PEDRAMIX;29901-292;
1037;Geomix Geometria;46430-000;
1038;Briforte Concreto;;
1039;ARENA INFRA;;
1040;HA Pavimentação;;
1041;Concreto São Domingos;37072-020;
1042;Concrevip Concreteira;;
1043;Grupo Coplan;;
1044;Concreto Extramix;72910-000;
1045;Concretar | Concreto Usinado;;
1046;Metalpama - Tec. Metalúrgica;16206-012;
1047;Pavsolo Construtora;;
1048;Skavaloc Terraplenagem;32450-0000;
1049;Terraplanagem e Pavimentação;;
1050;Concisa Pavimentação e Terraplanagem;;
1051;concrearte_concreto;;
1052;SBS Engenharia e Construções;91410-150;
1053;Totalmix Pilar;;
1054;Concrebal;;
1055;Concrebase;;
1056;Tabalmix | Sustentabilidade em Concreto;66650-140;
1057;Teixeira Construções;;
1058;ICD Vias;88133-540;
1059;TOPMIX Concreto;;
1060;VMiX Concreto;;
1061;Lokall;75394-195;
1062;Traçado Construções e Serviços;99706-547;
1063;CONCRETO USINADO 🪨;;
1064;GRUPO  LLUCENA;;
1065;Brita Potiguar;;
1066;Locadora Santos&Leão;64207-005;
1067;Fraga Pisos Industriais;;
1068;Lk!🔥;;
1069;G10 Concreto;;
1070;Altomix Concretos;18195-000;
1071;Rede Máquinas Locações de Equipamentos;;
1072;Grupo MALTAMOURA;;
1073;Hidroenergy Engenharia | Construção Civil;;
1074;Weis Ind e Com Equip Agrop;85884-000;
1075;Mega Mix;77818-340;
1076;Arcovan Soluções de Concreto;;
1077;RR Terraplenagem;;
1078;Grupo Sanson;18279-588;
1079;SUPREMO PRÉ FABRICADOS;35430-286;
1080;Concreto Pronto Para Sua Obra;;
1081;Cimento Zumbi;57160-000;
1082;Minasfalto LTDA;32150-100;
1083;Construtora Pomar;;
1084;Concresul;;
1085;UNIMIX CONCRETO USINADO;;
1086;JCM ENGENHARIA;;
1087;Infra S.A.;70.070-010;
1088;Rodorental Maquinas Pesadas;38400-710;
1089;São Miguel Pavimentaçao;;
1090;Sinduscon Oeste / Chapecó;;
1091;Uniforte Locações;;
1092;Traço Forte;;
1093;Pedratermix | Artefatos | Concreto | Agregados;;
1094;Mills;;
1095;Megamix Soluções em Construções;65092-115;
1096;Britador São Judas Tadeu;;
1097;MDX Engenharia;;
1098;Tractorrental Tratores Ltda;;
1099;Grupo Julio & Julio;18020-400;
1100;Ideal Grupo;11600-000;
1101;Neovia Engenharia;;
1102;Grupo Zocar Rio Rental;;
1103; ;38810-000;
1104;Heinig | Soluções em concreto;88355-570;
1105;BURITI INFRAESTRUTURA;65.916-695;
1106;PRESERV MIX - CONCRETO;79321-270;
1107;Amorim Rental Locações e Serviços 🚜🏗;64758-000;
1108;Cimec Concreto ltda;;
1109;PavimentoUrbanodeConcreto;;
1110;Fremix Pavimentação;06463-290;
1111;CHB Rental SP;07075-180;
1112;Grupo JOFEGE;;
1113;Devapav;;
1114;CONCRETAMIX;24942-395;
1115;Conpasul;;
1116;Álya Construtora;;
1117;GUITON;13414-316;
1118;Jefferson Inoue;;
1119;Hidromar Equipamentos;;
1120;Premix Concreto;;
1121;Plenaplan;;
1122;Cheveux Professionnel ®️;;
1123;Faenello - Blocasa;;
1124;JL Mix Pre Moldados e Funilaria;;
1125;Irlanio Brito;;
1126;Concretopontocom | Concreto Usinado;95555-000;
1127;CONCRETMAIS;;
1128;DG RECON ENGENHARIA;;
1129;;;
1130;Concremassa Rio Preto;;
1131;Gadget Glimpse;;
1132;Nogueira Mineração;78099-899;
1133;Margui Engenharia;;
1134;Itaipu Engenharia;;
1135;Massamix;85804-600;
1136;MT MÁQUINAS & PESADOS;;
1137;Irmãos Mury;;
1138;Concrebel Eng. e Construção;;
1139;SS&B Construtora;;
1140;Siga Construtora;;
1141;Grupo Zopone;;
1142;Concrerio;;
1143;Pentax Pré-Fabricados;;
1144;Dimensional Engenharia;;
1145;Roberto Dorner | Prefeito de Sinop;;
1146;Revista M&T;05001-000;
1147;CONCRENORTE LTDA;69909-002;
1148;PAVIMENTAR | Eng&Const;;
1149;TÉRM CONCRETO E ARGAMASSA;;
id;Primeiro Nome;Último Nome;Email;Facebook;Instagram;Linkedin;Telefone 1;Telefone 2;Empresa;Cargo;CPF;Documento;CNAE;CNAE Secundário;Tags;Endereço;Número;Complemento;Cidade;UF;CEP;Biografia;Aniversário;Indicação;Campo Auxiliar;Campo Auxiliar 2
16;Itaueira;pavimentação;Josenildolopes97@gmail.com;;itaueirapavlm;;;;;;;;;;Instagram,limpaconcreto,seguidores;;;;;;;;;;;
18;JH;Construções Pré-moldado;contato@jhpremoldados.com.br;;jh.premoldados;;553734052505;553734052505;;;;;;;Instagram,limpaconcreto,seguidores;;;;;;;;;;;
21;Llucena;Infraestrutura;contatollucena@gmail.com;;llucenainfraestrutura;;;;;;;;;;Instagram,limpaconcreto,seguidores;;;;;;;;;;;
35;Concrelux;;;;_concrelux;;555432313272;555432313272;;;;;;;Instagram,limpaconcreto,seguidores;;;;;;;;;;;
92;Fabio;Brummer | Concreto;;;fabio.concreto;;5547999842877;5547999842877;;;;;;;Instagram,limpaconcreto,seguidores;;;;;;;;;;;
132;SALYSAL;MOSSORO;saldimossoro@gmail.com;;salysalmossoro;;5584999171577;5584999171577;;;;;;;Instagram,prudemquimica,seguidores;;;;;;;;;;;
142;JMV;Engenharia Civil & Equestre;jmvengenharia.contato@gmail.com;;engjmv;;5535997215741;5535997215741;;;;;;;Instagram,prudemquimica,seguidores;;;;;;;;;;;
146;Grupo;Th Engenharia;grupothengenharia@gmail.com;;grupoth_engenharia;;;;;;;;;;Instagram,prudemquimica,seguidores;;;;;;;;;;;
185;Moromix;;moromix@antoniomoro.com.br;;moromixconcreto;;5542991577072;5542991577072;;;;;;;Instagram,limpaconcreto,seguidores;;;;;;;;;;;
186;Inbramix;Bombeamento de Concreto;inbramix@hotmail.com;;inbramix;;;;;;;;;;Instagram,limpaconcreto,seguidores;;;;;;;;;;;
187;Concreleão;;;;concreleao;;5519996582802;5519996582802;;;;;;;Instagram,limpaconcreto,seguidores;;;;;;;;;;;
189;A;Valebeton atua em pequenas, médias e grandes Obras.;jaqueline.diniz@valebeton.com.br;;valebeton.concreto;;5512974070810;5512974070810;;;;;;;Instagram,limpaconcreto,seguidores;;;;;;;;;;;
192;Concrenop;Sorriso;vendassorriso@concrenop.com.br;;concrenopsorriso;;5566999565845;5566999565845;;;;;;;Instagram,limpaconcreto,seguidores;;;;;;;;;;;
193;Nova;Asfaltica;novaasfalticaincorporadora@gmail.com;;asfaltoribeiraopretosp;;5516993188070;5516993188070;;;;;;;Instagram,limpaconcreto,seguidores;;;;;;;;;;;
194;RR;Barros Serviços e Construções;rr_barros@outlook.com;;rrbarrosservicoseconstrucoes;;5567981272476;5567981272476;;;;;;;Instagram,limpaconcreto,seguidores;;;;;;;;;;;
197;CONCRESP;;concresp@concresp.com.br;;concresp.grupo;;551837221914;551837221914;;;;;;;Instagram,limpaconcreto,seguidores;;;;;;;;;;;
198;Jc;Pavimentação e Locações;contato@jcpavimentacao.com.br;;jcpavimentacao;;5511940032444;5511940032444;;;;;;;Instagram,limpaconcreto,seguidores;;;;;;;;;;;
199;Concrefild;- Concreto usinado;;;concrefild_concreto;;551151210931;551151210931;;;;;;;Instagram,limpaconcreto,seguidores;;;;;;;;;;;
200;Coyote;Pavimentação;coyotepav@gmail.com;;coyotepavimentacao;;5511996605482;5511996605482;;;;;;;Instagram,limpaconcreto,seguidores;;;;;;;;;;;
229;Zortéa;Construções 🇧🇷;campolargo@zortea.com.br;;zorteaconstrucoes;;556730278000;556730278000;;;;;;;Instagram,limpaconcreto,seguidores;;;;;;;;;;;
231;ARGAMIX;| Concreto, Construção & Engenharia Profissional;;;argamixconcreto;;5561985944289;5561985944289;;;;;;;Instagram,limpaconcreto,seguidores;;;;;;;;;;;
256;Forcemix;Engenharia De Concreto Ltda;beto_maschietto@yahoo.com.br;;;;551936086650;551936083680;;;;04204134000185;2330305 - PREPARACAO DE MASSA DE CONCRETO E ARGAMASSA PARA CONSTRUCAO;| 5911199 - ATIVIDADES DE PRODUCAO CINEMATOGRAFICA, DE VIDEOS E DE PROGRAMAS DE TELEVISAO NAO ESPECIFICADAS ANTERIORMENTE | 5912099 - ATIVIDADES DE POS-PRODUCAO CINEMATOGRAFICA, DE VIDEOS E DE PROGRAMAS DE TELEVISAO NAO ESPECIFICADAS ANTERIORMENTE | 7420001 - ATIVIDADES DE PRODUCAO DE FOTOGRAFIAS, EXCETO AEREA E SUBMARINA | 8211300 - SERVICOS COMBINADOS DE ESCRITORIO E APOIO ADMINISTRATIVO | 7020400 - ATIVIDADES DE CONSULTORIA EM GESTAO EMPRESARIAL, EXCETO CONSULTORIA TECNICA ESPECIFICA |;CNE,Nutrindo;;;;SAO JOSE DO RIO PARDO;SP;13720000;PREPARACAO DE MASSA DE CONCRETO E ARGAMASSA PARA CONSTRUCAO;;;;
257;Flechamix;Concreto E Locacao Ltda;wellington@ajcontabil.com.br;;;;551120411019;551120410672;FLECHAMIX CONCRETO;;;19044827000125;4744005 - COMERCIO VAREJISTA DE MATERIAIS DE CONSTRUCAO NAO ESPECIFICADOS ANTERIORMENTE;| 7732201 - ALUGUEL DE MAQUINAS E EQUIPAMENTOS PARA CONSTRUCAO SEM OPERADOR, EXCETO ANDAIMES |;CNE,Sem WhatsApp;;;;SAO PAULO;SP;8061390;COMERCIO VAREJISTA DE MATERIAIS DE CONSTRUCAO NAO ESPECIFICADOS ANTERIORMENTE;;;;
258;Cimentolit;Industria E Comercio De Argamassas Ltda;maciel@cimentolit.com.br;;;;551934862703;;;;;65846503000551;2330305 - PREPARACAO DE MASSA DE CONCRETO E ARGAMASSA PARA CONSTRUCAO;;CNE,Redrive,Sem WhatsApp;;;;CHARQUEADA;SP;13518070;PREPARACAO DE MASSA DE CONCRETO E ARGAMASSA PARA CONSTRUCAO;;;;
260;Base;Blocos De Concreto Ltda;baseblocos@yahoo.com.br;;;;551147174909;;BASE;;;07562654000158;4744099 - COMERCIO VAREJISTA DE MATERIAIS DE CONSTRUCAO EM GERAL;;CNE,Redrive;;;;ITAPECERICA DA SERRA;SP;6887300;COMERCIO VAREJISTA DE MATERIAIS DE CONSTRUCAO EM GERAL;;;;
261;Artefatos;E Concreto Camanducaia Ltda;ramon@inovacontabil.com.br;;;;551938964305;551938964305;;;;14129745000160;4744099 - COMERCIO VAREJISTA DE MATERIAIS DE CONSTRUCAO EM GERAL;;CNE,Redrive;;;;JAGUARIUNA;SP;13910001;COMERCIO VAREJISTA DE MATERIAIS DE CONSTRUCAO EM GERAL;;;;
262;Argasol;Argamassa E Artefatos De Concreto Eireli;rafaellopes@asscontabil.com.br;;;;551633012700;;;;;59523647000140;2330302 - FABRICACAO DE ARTEFATOS DE CIMENTO PARA USO NA CONSTRUCAO;| 4744099 - COMERCIO VAREJISTA DE MATERIAIS DE CONSTRUCAO EM GERAL | 2330305 - PREPARACAO DE MASSA DE CONCRETO E ARGAMASSA PARA CONSTRUCAO |;CNE,Redrive;;;;ARARAQUARA;SP;14808161;FABRICACAO DE ARTEFATOS DE CIMENTO PARA USO NA CONSTRUCAO;;;;
263;Atrio;Artefatos De Cimento E Materiais Para Construcao Ltda.;contato@rebokleve. com.br;;;;551338412416;;;;;23902031000133;2330301 - FABRICACAO DE ESTRUTURAS PRE-MOLDADAS DE CONCRETO ARMADO, EM SERIE E SOB ENCOMENDA;| 2330302 - FABRICACAO DE ARTEFATOS DE CIMENTO PARA USO NA CONSTRUCAO | 4744099 - COMERCIO VAREJISTA DE MATERIAIS DE CONSTRUCAO EM GERAL | 7732201 - ALUGUEL DE MAQUINAS E EQUIPAMENTOS PARA CONSTRUCAO SEM OPERADOR, EXCETO ANDAIMES | 7732202 - ALUGUEL DE ANDAIMES |;CNE,Redrive;;;;ILHA COMPRIDA;SP;11925000;FABRICACAO DE ESTRUTURAS PREMOLDADAS DE CONCRETO ARMADO, EM SERIE E SOB ENCOMENDA;;;;
264;Bautech;Industria E Comercio De Tintas Ltda;elaine@mset.com.br;;;;551146451033;;BAUTECH;;;10303286000561;2330305 - PREPARACAO DE MASSA DE CONCRETO E ARGAMASSA PARA CONSTRUCAO;| 7420002 - ATIVIDADES DE PRODUCAO DE FOTOGRAFIAS AEREAS E SUBMARINAS | 5911199 - ATIVIDADES DE PRODUCAO CINEMATOGRAFICA, DE VIDEOS E DE PROGRAMAS DE TELEVISAO NAO ESPECIFICADAS ANTERIORMENTE |;CNE,Redrive;;;;ITAQUAQUECETUBA;SP;8597610;PREPARACAO DE MASSA DE CONCRETO E ARGAMASSA PARA CONSTRUCAO;;;;
266;Atelier;Do Concreto Bottoni & Pereira Ltda;arq.cpereira@gmail.com;;;;551150529498;;ATELIER DO CONCRETO BOTTONI & PEREIRA LTDA;;;29997516000134;4744005 - COMERCIO VAREJISTA DE MATERIAIS DE CONSTRUCAO NAO ESPECIFICADOS ANTERIORMENTE;| 7111100 - SERVICOS DE ARQUITETURA |;CNE,Redrive;;;;SAO PAULO;SP;4304000;COMERCIO VAREJISTA DE MATERIAIS DE CONSTRUCAO NAO ESPECIFICADOS ANTERIORMENTE;;;;
267;Aline;Nascimento Lopes Dos Santos  Locacao De Bombas Para Concreto;al7016010@gmail.com;;;;5511973285777;;FORMIGAO MIX PREST.SERV.BOMBEAMETO CONCRETO;;;35652444000196;7732201 - ALUGUEL DE MAQUINAS E EQUIPAMENTOS PARA CONSTRUCAO SEM OPERADOR, EXCETO ANDAIMES;| 4399199 - SERVICOS ESPECIALIZADOS PARA CONSTRUCAO NAO ESPECIFICADOS ANTERIORMENTE |;CNE,Redrive;;;;FRANCO DA ROCHA;SP;7808140;ALUGUEL DE MAQUINAS E EQUIPAMENTOS PARA CONSTRUCAO SEM OPERADOR, EXCETO ANDAIMES;;;;
272;A.f.;Da Silva & Pereira Ltda.;brasilfixbauru@hotmail.com;;;;551432036597;;BRASILFIX;;;10838768000192;2330305 - PREPARACAO DE MASSA DE CONCRETO E ARGAMASSA PARA CONSTRUCAO;;CNE,Redrive;;;;BAURU;SP;17034430;PREPARACAO DE MASSA DE CONCRETO E ARGAMASSA PARA CONSTRUCAO;;;;
273;Admix;Comercio De Concreto Usinado Ltda;comercial@admixconcreto.com.br;;;;551134975016;;ADMIX CONCRETO;;;28219306000152;4744099 - COMERCIO VAREJISTA DE MATERIAIS DE CONSTRUCAO EM GERAL;| 4399199 - SERVICOS ESPECIALIZADOS PARA CONSTRUCAO NAO ESPECIFICADOS ANTERIORMENTE | 4742300 - COMERCIO VAREJISTA DE MATERIAL ELETRICO | 4744003 - COMERCIO VAREJISTA DE MATERIAIS HIDRAULICOS | 4744004 - COMERCIO VAREJISTA DE CAL, AREIA, PEDRA BRITADA, TIJOLOS E TELHAS | 4399103 - OBRAS DE ALVENARIA |;CNE,Redrive;;;;GUARULHOS;SP;7151660;COMERCIO VAREJISTA DE MATERIAIS DE CONSTRUCAO EM GERAL;;;;
275;Antonio;Carlos Souza Santana Maquinas;josue.f.silva@terra.com.br;;;;551124666991;;M. MIX CONCRETO USINADO;;;11763551000123;7732201 - ALUGUEL DE MAQUINAS E EQUIPAMENTOS PARA CONSTRUCAO SEM OPERADOR, EXCETO ANDAIMES;| 4399102 - MONTAGEM E DESMONTAGEM DE ANDAIMES E OUTRAS ESTRUTURAS TEMPORARIAS | 7732202 - ALUGUEL DE ANDAIMES |;CNE,Redrive;;;;GUARULHOS;SP;7161540;ALUGUEL DE MAQUINAS E EQUIPAMENTOS PARA CONSTRUCAO SEM OPERADOR, EXCETO ANDAIMES;;;;
277;Brag;Pisos Polidos Em Concreto Usinado Ltda;denisemm@uol.com.br;;;;551140332623;;;;;23306224000121;4330499 - OUTRAS OBRAS DE ACABAMENTO DA CONSTRUCAO;;CNE,Redrive;;;;BRAGANCA PAULISTA;SP;12900304;OUTRAS OBRAS DE ACABAMENTO DA CONSTRUCAO;;;;
278;Blockmix;Concretos E Argamassas Ltda;nfe@blockmixconcretos.com.br;;;;551833213879;;BLOCKMIX;;;15604045000142;4120400 - CONSTRUCAO DE EDIFICIOS;| 4755502 - COMERCIO VAREJISTA DE ARTIGOS DE ARMARINHO |;CNE,Redrive;;;;ASSIS;SP;19806081;CONSTRUCAO DE EDIFICIOS;;;;
279;Bom;Preco Construcao Eireli;gerencia@contabilidadecavalcante.com.br;;;;551147739626;;CONCRETO BOM PRECO;;;33001569000120;4120400 - CONSTRUCAO DE EDIFICIOS;| 4744005 - COMERCIO VAREJISTA DE MATERIAIS DE CONSTRUCAO NAO ESPECIFICADOS ANTERIORMENTE | 4744099 - COMERCIO VAREJISTA DE MATERIAIS DE CONSTRUCAO EM GERAL | 9521500 - REPARACAO E MANUTENCAO DE EQUIPAMENTOS ELETROELETRONICOS DE USO PESSOAL E DOMESTICO | 4753900 - COMERCIO VAREJISTA ESPECIALIZADO DE ELETRODOMESTICOS E EQUIPAMENTOS DE AUDIO E VIDEO | 4321500 - INSTALACAO E MANUTENCAO ELETRICA | 4322301 - INSTALACOES HIDRAULICAS, SANITARIAS E DE GAS | 4399103 - OBRAS DE ALVENARIA | 7739099 - ALUGUEL DE OUTRAS MAQUINAS E EQUIPAMENTOS COMERCIAIS E INDUSTRIAIS NAO ESPECIFICADOS ANTERIORMENTE, SEM OPERADOR | 7719599 - LOCACAO DE OUTROS MEIOS DE TRANSPORTE NAO ESPECIFICADOS ANTERIORMENTE, SEM CONDUTOR | 8130300 - ATIVIDADES PAISAGISTICAS | 8111700 - SERVICOS COMBINADOS PARA APOIO A EDIFICIOS, EXCETO CONDOMINIOS PREDIAIS | 8121400 - LIMPEZA EM PREDIOS E EM DOMICILIOS | 4330499 - OUTRAS OBRAS DE ACABAMENTO DA CONSTRUCAO |;CNE,Redrive;;;;BARUERI;SP;6448160;CONSTRUCAO DE EDIFICIOS;;;;
280;Blockmix;Concretos Ltda;marcelo.holmo@blockmixconcretos.com.br;;;;5543991350057;;BLOCKMIX;;;01395890000140;2330305 - PREPARACAO DE MASSA DE CONCRETO E ARGAMASSA PARA CONSTRUCAO;;CNE,Redrive;;;;ASSIS;SP;19802130;PREPARACAO DE MASSA DE CONCRETO E ARGAMASSA PARA CONSTRUCAO;;;;
282;Boitumix;Concreto E Obras Eireli;dnp@grupodnp.com.br;;;;551532822251;;;;;32103838000105;2330305 - PREPARACAO DE MASSA DE CONCRETO E ARGAMASSA PARA CONSTRUCAO;| 4744005 - COMERCIO VAREJISTA DE MATERIAIS DE CONSTRUCAO NAO ESPECIFICADOS ANTERIORMENTE | 4399199 - SERVICOS ESPECIALIZADOS PARA CONSTRUCAO NAO ESPECIFICADOS ANTERIORMENTE | 7732201 - ALUGUEL DE MAQUINAS E EQUIPAMENTOS PARA CONSTRUCAO SEM OPERADOR, EXCETO ANDAIMES |;CNE,Redrive;;;;BOITUVA;SP;18550000;PREPARACAO DE MASSA DE CONCRETO E ARGAMASSA PARA CONSTRUCAO;;;;
284;Alan;Guilherme Da Silva;nbscontabilidade2018@gmail.com;;;;5519983885791;;AG LOCACAO BOMBA DE CONCRETO;;;32507067000103;7732201 - ALUGUEL DE MAQUINAS E EQUIPAMENTOS PARA CONSTRUCAO SEM OPERADOR, EXCETO ANDAIMES;;CNE,Redrive;;;;AGUAS DE LINDOIA;SP;13940000;ALUGUEL DE MAQUINAS E EQUIPAMENTOS PARA CONSTRUCAO SEM OPERADOR, EXCETO ANDAIMES;;;;
285;Amorim;& Silva Construtora Ltda;goldonicontadores@terra.com.br;;;;5518997067508;;R C IMPERIO DO CONCRETO;;;08731296000122;4120400 - CONSTRUCAO DE EDIFICIOS;;CNE,Redrive;;;;JUNQUEIROPOLIS;SP;17890000;CONSTRUCAO DE EDIFICIOS;;;;
286;Andrea;Catarina Grandis De Oliveira;societario@innovarecontabilidade.net;;;;551934159929;;M. A. BOMBEAMENTO E CONCRETO;;;23232449000180;4399199 - SERVICOS ESPECIALIZADOS PARA CONSTRUCAO NAO ESPECIFICADOS ANTERIORMENTE;;CNE,Redrive;;;;PIRACICABA;SP;13403640;SERVICOS ESPECIALIZADOS PARA CONSTRUCAO NAO ESPECIFICADOS ANTERIORMENTE;;;;
287;Brasmix;Engenharia De Concreto Ltda;comercial85@brasmix.com.br;;;;551934447997;;BRASMIX ENGENHARIA DE CONCRETO S/A;;;18710988003910;2330305 - PREPARACAO DE MASSA DE CONCRETO E ARGAMASSA PARA CONSTRUCAO;| 6463800 - OUTRAS SOCIEDADES DE PARTICIPACAO, EXCETO HOLDINGS | 7112000 - SERVICOS DE ENGENHARIA | 7732201 - ALUGUEL DE MAQUINAS E EQUIPAMENTOS PARA CONSTRUCAO SEM OPERADOR, EXCETO ANDAIMES |;CNE,Redrive;;;;LIMEIRA;SP;13481149;PREPARACAO DE MASSA DE CONCRETO E ARGAMASSA PARA CONSTRUCAO;;;;
289;C;& E Concreto E Epoxi Ltda.;contato@gescont.srv.br;;;;551139962581;551139962578;UTI DO PISO;;;01894258000141;4744005 - COMERCIO VAREJISTA DE MATERIAIS DE CONSTRUCAO NAO ESPECIFICADOS ANTERIORMENTE;| 3319800 - MANUTENCAO E REPARACAO DE EQUIPAMENTOS E PRODUTOS NAO ESPECIFICADOS ANTERIORMENTE | 4744001 - COMERCIO VAREJISTA DE FERRAGENS E FERRAMENTAS | 4789099 - COMERCIO VAREJISTA DE OUTROS PRODUTOS NAO ESPECIFICADOS ANTERIORMENTE | 7732201 - ALUGUEL DE MAQUINAS E EQUIPAMENTOS PARA CONSTRUCAO SEM OPERADOR, EXCETO ANDAIMES | 7732202 - ALUGUEL DE ANDAIMES | 8299799 - OUTRAS ATIVIDADES DE SERVICOS PRESTADOS PRINCIPALMENTE AS EMPRESAS NAO ESPECIFICADAS ANTERIORMENTE |;CNE,Redrive;;;;SAO BERNARDO DO CAMPO;SP;9862000;COMERCIO VAREJISTA DE MATERIAIS DE CONSTRUCAO NAO ESPECIFICADOS ANTERIORMENTE;;;;
290;C;Mix Concreto Eireli;fernanda.cmix@gmail.com;;;;551233410229;5512974030833;;;;22302495000146;4399199 - SERVICOS ESPECIALIZADOS PARA CONSTRUCAO NAO ESPECIFICADOS ANTERIORMENTE;| 4744099 - COMERCIO VAREJISTA DE MATERIAIS DE CONSTRUCAO EM GERAL | 7732201 - ALUGUEL DE MAQUINAS E EQUIPAMENTOS PARA CONSTRUCAO SEM OPERADOR, EXCETO ANDAIMES | 5223100 - ESTACIONAMENTO DE VEICULOS |;CNE,Redrive;;;;JACAREI;SP;12327350;SERVICOS ESPECIALIZADOS PARA CONSTRUCAO NAO ESPECIFICADOS ANTERIORMENTE;;;;
292;C.;M. C. De Araujo Concreto;wbo144@gmail.com;;;;551146401111;;USAMIX CONCRETO E SERVICOS;;;30849982000151;4399199 - SERVICOS ESPECIALIZADOS PARA CONSTRUCAO NAO ESPECIFICADOS ANTERIORMENTE;| 2330301 - FABRICACAO DE ESTRUTURAS PRE-MOLDADAS DE CONCRETO ARMADO, EM SERIE E SOB ENCOMENDA | 4399102 - MONTAGEM E DESMONTAGEM DE ANDAIMES E OUTRAS ESTRUTURAS TEMPORARIAS | 4744099 - COMERCIO VAREJISTA DE MATERIAIS DE CONSTRUCAO EM GERAL | 7732202 - ALUGUEL DE ANDAIMES |;CNE,Redrive;;;;FERRAZ DE VASCONCELOS;SP;8527000;SERVICOS ESPECIALIZADOS PARA CONSTRUCAO NAO ESPECIFICADOS ANTERIORMENTE;;;;
293;Camargo;Concretos Eireli;falgat@terra.com.br;;;;551145297315;;;;;26802698000152;2330305 - PREPARACAO DE MASSA DE CONCRETO E ARGAMASSA PARA CONSTRUCAO;| 2330301 - FABRICACAO DE ESTRUTURAS PRE-MOLDADAS DE CONCRETO ARMADO, EM SERIE E SOB ENCOMENDA | 2330302 - FABRICACAO DE ARTEFATOS DE CIMENTO PARA USO NA CONSTRUCAO | 4744099 - COMERCIO VAREJISTA DE MATERIAIS DE CONSTRUCAO EM GERAL | 7732201 - ALUGUEL DE MAQUINAS E EQUIPAMENTOS PARA CONSTRUCAO SEM OPERADOR, EXCETO ANDAIMES | 4313400 - OBRAS DE TERRAPLENAGEM |;CNE,Redrive;;;;CABREUVA;SP;13318000;PREPARACAO DE MASSA DE CONCRETO E ARGAMASSA PARA CONSTRUCAO;;;;
323;Alaor;e Maira Engenharia Civil;alaormaciel@yahoo.com.br;;alaoremairaengenharia;;5535999362025;5535999362025;;;;;;;Instagram,prudemquimica,seguidores;;;;;;;;;;;
380;Usimix;Concreto e Argamassa;usimix@usimixconcreto.com.br;;usimixconcretovca;;557734255100;557734255100;;;;;;;Instagram,limpaconcreto,seguidores;;;;;;;;;;;
395;GRUPO;EMAQ;guilherme@emaq.ind.br;;grupoemaq;;;;;;;;;;Instagram,limpaconcreto,seguidores;;;;;;;;;;;
405;CONPASA;CONSTRUTORA PARAIBANA LTDA;conpasapb@gmail.com;;conpasapb;;5583999993219;5583999993219;;;;;;;Instagram,limpaconcreto,seguidores;;;;;;;;;;;
422;CONCRELAGOS;_FSA ALCIONE SOUZA;alcionesouzadahora@gmail.com;;concrelagos_alcione;;5575999426583;5575999426583;;;;;;;Instagram,limpaconcreto,seguidores;;;;;;;;;;;
433;BSB;mix 4104 6005;;;bsbmix_concreto;;5561984162275;5561984162275;;;;;;;Instagram,limpaconcreto,seguidores;;;;;;;;;;;
434;Jaimix;Concreto Usinado;dani_nha_almeida@hotmail.com;;jai_mixconcretousinado;;5561991555152;5561991555152;;;;;;;Instagram,limpaconcreto,seguidores;;;;;;;;;;;
450;A.Mendonça;Concretos e Argamassas;rh@amendoncaconcretos.com.br;;amendoncaconcretos;;554734431106;554734431106;;;;;;;Instagram,limpaconcreto,seguidores;;;;;;;;;;;
469;InfraBrasil;Obras pesadas;contato@infrabrasil.net.br;;infrabrasilobraspesadas;;551141616402;551141616402;;;;;;;Instagram,limpaconcreto,seguidores;;;;;;;;;;;
471;Lorenzi;Maquinarias CA;info@lorenzi.com;;maqlorenzi;;584149730363;584149730363;;;;;;;Instagram,limpaconcreto,seguidores;;;;;;;;;;;
491;JL;Concretos •Concretos•Argamassa usinada ⚜️;jlconcretosfinanceiro@hotmail.com;;jlconcretos;;554497559470;554497559470;;;;;;;Instagram,limpaconcreto,seguidores;;;;;;;;;;;
501;Gigamix;Concreto & Fundações (Unidade Patrocínio/MG);comercialptc@gigamix.com.br;;gigamixconcreto;;;;;;;;;;Instagram,limpaconcreto,seguidores;;;;;;;;;;;
511;Grupo;Cimentão;;;grupocimentao;;553732161000;553732161000;;;;;;;Instagram,limpaconcreto,seguidores;;;;;;;;;;;
522;Minermix;Concreto;minermixconcreto@hotmail.com;;minermixconcreto;;5513996702030;5513996702030;;;;;;;Instagram,limpaconcreto,seguidores;;;;;;;;;;;
525;Usina;Costa Mix | Concreto usinado e bombeamento;usinacostamixadm@gmail.com;;usinacostamix;;551146366123;551146366123;;;;;;;Instagram,limpaconcreto,seguidores;;;;;;;;;;;
539;Heinig;Soluções Concretas;heinig@argheinig.com.br;;heinigsolucoesconcretas;;;;;;;;;;Instagram,limpaconcreto,seguidores;;;;;;;;;;;
552;Venda;de concreto usinado;hbconcretosvendas27@gmail.com;;hbmix_concretousinado61;;5561992926526;5561992926526;;;;;;;Instagram,limpaconcreto,seguidores;;;;;;;;;;;
560;Fort;Bombas Concreto E Servicos Ltda;forbombas@hotmail.com;;;;5519997416589;;FORT BOMBAS;;;14685922000194;4744005 - COMERCIO VAREJISTA DE MATERIAIS DE CONSTRUCAO NAO ESPECIFICADOS ANTERIORMENTE;;CNE,Nutrindo;;;;HORTOLANDIA;SP;13189210;COMERCIO VAREJISTA DE MATERIAIS DE CONSTRUCAO NAO ESPECIFICADOS ANTERIORMENTE;;;;
561;Eco;Bello Produtos Ecologicos Ltda;ecobello@ecobello.com.br;;;;551938689398;;ECO BELLO;;;14978049000128;2330305 - PREPARACAO DE MASSA DE CONCRETO E ARGAMASSA PARA CONSTRUCAO;| 6810201 - COMPRA E VENDA DE IMOVEIS PROPRIOS |;CNE,Sem WhatsApp;;;;ESTIVA GERBI;SP;13857000;PREPARACAO DE MASSA DE CONCRETO E ARGAMASSA PARA CONSTRUCAO;;;;
562;Claudineia;Belino Paulino;clau.belinno@gmail.com;;;;5511995178453;;POLYTECH BRASIL LOCACOES E SERVICOS DE CONCRETO;;;37718809000163;7732201 - ALUGUEL DE MAQUINAS E EQUIPAMENTOS PARA CONSTRUCAO SEM OPERADOR, EXCETO ANDAIMES;| 8512100 - EDUCACAO INFANTIL - PRE-ESCOLA |;CNE,Nutrindo,Redrive;;;;SAO PAULO;SP;2221020;ALUGUEL DE MAQUINAS E EQUIPAMENTOS PARA CONSTRUCAO SEM OPERADOR, EXCETO ANDAIMES;;;;
563;Cibele;Galvao Dos Anjos;mixbrasilconcreto@gmail.com;;;;551122323607;;MIX CONCRETO BRASIL;;;37836778000145;7732201 - ALUGUEL DE MAQUINAS E EQUIPAMENTOS PARA CONSTRUCAO SEM OPERADOR, EXCETO ANDAIMES;;CNE,Redrive,Sem WhatsApp;;;;SAO PAULO;SP;2441180;ALUGUEL DE MAQUINAS E EQUIPAMENTOS PARA CONSTRUCAO SEM OPERADOR, EXCETO ANDAIMES;;;;
565;Central;De Concreto Fercon Ltda;serra-calculos@hotmail.com;;;;551836071300;;;;;03767578000166;4120400 - CONSTRUCAO DE EDIFICIOS;;CNE,Nutrindo,Redrive;;;;ARACATUBA;SP;16010220;CONSTRUCAO DE EDIFICIOS;;;;
566;Cenafer;Central De Armacao De Ferro Ltda;cenafer@cenafer.com.br;;cenaferfranca;;551637018244;551637018244;;;;64528706000294;2330305 - PREPARACAO DE MASSA DE CONCRETO E ARGAMASSA PARA CONSTRUCAO;| 2330301 - FABRICACAO DE ESTRUTURAS PRE-MOLDADAS DE CONCRETO ARMADO, EM SERIE E SOB ENCOMENDA | 4391600 - OBRAS DE FUNDACOES | 4744001 - COMERCIO VAREJISTA DE FERRAGENS E FERRAMENTAS |;CNE,Instagram,Nutrindo,Redrive,limpaconcreto,seguidores;;;;FRANCA;SP;14406100;PREPARACAO DE MASSA DE CONCRETO E ARGAMASSA PARA CONSTRUCAO;;;;
568;Cdc;Concreto Ltda;andrade.laercio@terra.com.br;;;;551150580128;551123314828;CDC CONCRETO E SERVICOS DE CONCRETAGEM;;;04985278000116;2330305 - PREPARACAO DE MASSA DE CONCRETO E ARGAMASSA PARA CONSTRUCAO;;CNE,Redrive,Sem WhatsApp;;;;SAO PAULO;SP;8265000;PREPARACAO DE MASSA DE CONCRETO E ARGAMASSA PARA CONSTRUCAO;;;;
569;Lider;Concreto Ltda;atendimento@liderconcreto.com.br;;;;551633537242;551633537225;LIDER CONCRETO;;;10899199000195;2330305 - PREPARACAO DE MASSA DE CONCRETO E ARGAMASSA PARA CONSTRUCAO;;CNE,Sem WhatsApp;;;;IBATE;SP;14815000;PREPARACAO DE MASSA DE CONCRETO E ARGAMASSA PARA CONSTRUCAO;;;;
571;Carlos;& Dolores Bombeamento De Concreto Ltda;dricamix72@hotmail.com;;;;551141413874;551141413874;DRICAMIX BOMBEAMENTO DE CONCRETO;;;14104261000166;4399199 - SERVICOS ESPECIALIZADOS PARA CONSTRUCAO NAO ESPECIFICADOS ANTERIORMENTE;| 7719599 - LOCACAO DE OUTROS MEIOS DE TRANSPORTE NAO ESPECIFICADOS ANTERIORMENTE, SEM CONDUTOR | 7732201 - ALUGUEL DE MAQUINAS E EQUIPAMENTOS PARA CONSTRUCAO SEM OPERADOR, EXCETO ANDAIMES | 4744099 - COMERCIO VAREJISTA DE MATERIAIS DE CONSTRUCAO EM GERAL |;CNE,Redrive,Sem WhatsApp;;;;ITAPEVI;SP;6693080;SERVICOS ESPECIALIZADOS PARA CONSTRUCAO NAO ESPECIFICADOS ANTERIORMENTE;;;;
572;Cardimix;Concreto & Reboco Eireli;pecorare@pecorare.com.br;;;;551633823003;551633831919;CARDIMIX CONCRETO & REBOCO;;;19412855000158;2330305 - PREPARACAO DE MASSA DE CONCRETO E ARGAMASSA PARA CONSTRUCAO;;CNE,Nutrindo,Redrive;;;;MATAO;SP;15993200;PREPARACAO DE MASSA DE CONCRETO E ARGAMASSA PARA CONSTRUCAO;;;;
574;Armazem;Do Concreto Eireli;bruna@recupereengenharia.com.br;;;;551934144021;551934144022;ARMAZEM DO CONCRETO;;;05332933000108;2330302 - FABRICACAO DE ARTEFATOS DE CIMENTO PARA USO NA CONSTRUCAO;| 2330301 - FABRICACAO DE ESTRUTURAS PRE-MOLDADAS DE CONCRETO ARMADO, EM SERIE E SOB ENCOMENDA | 4744099 - COMERCIO VAREJISTA DE MATERIAIS DE CONSTRUCAO EM GERAL | 7732201 - ALUGUEL DE MAQUINAS E EQUIPAMENTOS PARA CONSTRUCAO SEM OPERADOR, EXCETO ANDAIMES |;CNE,Redrive;;;;CERQUILHO;SP;18520000;FABRICACAO DE ARTEFATOS DE CIMENTO PARA USO NA CONSTRUCAO;;;;
576;Barreto;Cortes E Furos Em Concreto Eireli;barretocortesefuros@gmail.com;;;;551146853324;;BARRETO CORTES E FUROS;;;31724919000151;7732201 - ALUGUEL DE MAQUINAS E EQUIPAMENTOS PARA CONSTRUCAO SEM OPERADOR, EXCETO ANDAIMES;| 4391600 - OBRAS DE FUNDACOES | 4744001 - COMERCIO VAREJISTA DE FERRAGENS E FERRAMENTAS | 4789099 - COMERCIO VAREJISTA DE OUTROS PRODUTOS NAO ESPECIFICADOS ANTERIORMENTE | 7732202 - ALUGUEL DE ANDAIMES | 3319800 - MANUTENCAO E REPARACAO DE EQUIPAMENTOS E PRODUTOS NAO ESPECIFICADOS ANTERIORMENTE |;CNE,Redrive;;;;TABOAO DA SERRA;SP;6780010;ALUGUEL DE MAQUINAS E EQUIPAMENTOS PARA CONSTRUCAO SEM OPERADOR, EXCETO ANDAIMES;;;;
577;Bezerra;Bombeamento De Concreto Eireli;dlbombeamento@outlook.com;;;;5512991169553;5512991386449;;;;29230274000159;4330499 - OUTRAS OBRAS DE ACABAMENTO DA CONSTRUCAO;;CNE,Redrive;;;;PINDAMONHANGABA;SP;12444170;OUTRAS OBRAS DE ACABAMENTO DA CONSTRUCAO;;;;
579;Abf;Concreto Gruppi Ltda;inove.contabilidade@terra.com.br;;;;551438412885;;GRUPPI MATERIAIS PARA CONSTRUCOES E CACAMBA;;;00955382000107;4399199 - SERVICOS ESPECIALIZADOS PARA CONSTRUCAO NAO ESPECIFICADOS ANTERIORMENTE;| 4679699 - COMERCIO ATACADISTA DE MATERIAIS DE CONSTRUCAO EM GERAL | 2330305 - PREPARACAO DE MASSA DE CONCRETO E ARGAMASSA PARA CONSTRUCAO | 7732201 - ALUGUEL DE MAQUINAS E EQUIPAMENTOS PARA CONSTRUCAO SEM OPERADOR, EXCETO ANDAIMES | 4313400 - OBRAS DE TERRAPLENAGEM | 7719599 - LOCACAO DE OUTROS MEIOS DE TRANSPORTE NAO ESPECIFICADOS ANTERIORMENTE, SEM CONDUTOR |;CNE,Redrive;;;;SAO MANUEL;SP;18650000;SERVICOS ESPECIALIZADOS PARA CONSTRUCAO NAO ESPECIFICADOS ANTERIORMENTE;;;;
581;A.k.d.;Marques Locacao De Maquinas Para Construcao;celso.marques@econcreto.ind.br;;;;551124270514;;;;;31266822000142;7732201 - ALUGUEL DE MAQUINAS E EQUIPAMENTOS PARA CONSTRUCAO SEM OPERADOR, EXCETO ANDAIMES;;CNE,Redrive;;;;ATIBAIA;SP;12947650;ALUGUEL DE MAQUINAS E EQUIPAMENTOS PARA CONSTRUCAO SEM OPERADOR, EXCETO ANDAIMES;;;;
582;Af;Da Silva Comercio E Servicos De Construcao Civil;artefatodeconcretoisrael@gmail.com;;;;5511986672213;;ARTEFATO DE CONCRETO ISRAEL;;;36904848000192;4120400 - CONSTRUCAO DE EDIFICIOS;| 4399103 - OBRAS DE ALVENARIA | 4672900 - COMERCIO ATACADISTA DE FERRAGENS E FERRAMENTAS | 4744004 - COMERCIO VAREJISTA DE CAL, AREIA, PEDRA BRITADA, TIJOLOS E TELHAS |;CNE,Redrive;;;;VARGEM GRANDE PAULISTA;SP;6730000;CONSTRUCAO DE EDIFICIOS;;;;
583;Alpes;Comercio De Materiais De Construcao Ltda;;;;;551136479040;;ALPES;;;01450313000104;2330399 - FABRICACAO DE OUTROS ARTEFATOS E PRODUTOS DE CONCRETO, CIMENTO, FIBROCIMENTO, GESSO E MATERIAIS SEMELHANTES;| 9493600 - ATIVIDADES DE ORGANIZACOES ASSOCIATIVAS LIGADAS A CULTURA E A ARTE | 9499500 - ATIVIDADES ASSOCIATIVAS NAO ESPECIFICADAS ANTERIORMENTE |;CNE,Redrive;;;;CAIEIRAS;SP;7726625;FABRICACAO DE OUTROS ARTEFATOS E PRODUTOS DE CONCRETO, CIMENTO, FIBROCIMENTO, GESSO E MATERIAIS SEMELHANTES;;;;
589;Antonio;Euclides De Vasconcellos & Cia Ltda;atendimento@f1contabil.com;;;;551938969410;;ARCOBA ARTEFATOS DE CONCRETO;;;71822761000177;2330302 - FABRICACAO DE ARTEFATOS DE CIMENTO PARA USO NA CONSTRUCAO;| 2330301 - FABRICACAO DE ESTRUTURAS PRE-MOLDADAS DE CONCRETO ARMADO, EM SERIE E SOB ENCOMENDA | 4744004 - COMERCIO VAREJISTA DE CAL, AREIA, PEDRA BRITADA, TIJOLOS E TELHAS | 4744099 - COMERCIO VAREJISTA DE MATERIAIS DE CONSTRUCAO EM GERAL |;CNE,Redrive;;;;SANTO ANTONIO DE POSSE;SP;13830080;FABRICACAO DE ARTEFATOS DE CIMENTO PARA USO NA CONSTRUCAO;;;;
591;Arga;Celit Comercio De Argamassa Eireli;argacelit@gmail.com;;;;5517997727271;;* ARGA CELLIT *;;;31105775000155;2330305 - PREPARACAO DE MASSA DE CONCRETO E ARGAMASSA PARA CONSTRUCAO;;CNE,Redrive;;;;SAO JOSE DO RIO PRETO;SP;15044694;PREPARACAO DE MASSA DE CONCRETO E ARGAMASSA PARA CONSTRUCAO;;;;
592;Argamassa;Jkf Ltda;adrianorosa1998@hotmail.com;;;;5516997072505;;ARGAMASSA JKF;;;01708739000115;2330305 - PREPARACAO DE MASSA DE CONCRETO E ARGAMASSA PARA CONSTRUCAO;| 6399200 - OUTRAS ATIVIDADES DE PRESTACAO DE SERVICOS DE INFORMACAO NAO ESPECIFICADAS ANTERIORMENTE | 7410299 - ATIVIDADES DE DESIGN NAO ESPECIFICADAS ANTERIORMENTE | 7490105 - AGENCIAMENTO DE PROFISSIONAIS PARA ATIVIDADES ESPORTIVAS, CULTURAIS E ARTISTICAS | 7490199 - OUTRAS ATIVIDADES PROFISSIONAIS, CIENTIFICAS E TECNICAS NAO ESPECIFICADAS ANTERIORMENTE | 8219999 - PREPARACAO DE DOCUMENTOS E SERVICOS ESPECIALIZADOS DE APOIO ADMINISTRATIVO NAO ESPECIFICADOS ANTERIORMENTE | 8299703 - SERVICOS DE GRAVACAO DE CARIMBOS, EXCETO CONFECCAO | 8299707 - SALAS DE ACESSO A INTERNET |;CNE,Redrive;;;;SAO CARLOS;SP;13573396;PREPARACAO DE MASSA DE CONCRETO E ARGAMASSA PARA CONSTRUCAO;;;;
593;Blocasa;Pre Moldados De Concreto Ltda;juridico@santacruz.com.br;;;;551532513279;551532057999;BLOCASA PRE- MOLDADOS DE CONCRETO LTDA;;;61554945000220;2330302 - FABRICACAO DE ARTEFATOS DE CIMENTO PARA USO NA CONSTRUCAO;| 4744005 - COMERCIO VAREJISTA DE MATERIAIS DE CONSTRUCAO NAO ESPECIFICADOS ANTERIORMENTE |;CNE,Redrive;;;;TATUI;SP;18270001;FABRICACAO DE ARTEFATOS DE CIMENTO PARA USO NA CONSTRUCAO;;;;
594;Bonamix;Servicos De Concretagem Ltda;concrebon@terra.com.br;;;;551934244040;;;;;08877121000128;2330305 - PREPARACAO DE MASSA DE CONCRETO E ARGAMASSA PARA CONSTRUCAO;| 4744099 - COMERCIO VAREJISTA DE MATERIAIS DE CONSTRUCAO EM GERAL | 7732201 - ALUGUEL DE MAQUINAS E EQUIPAMENTOS PARA CONSTRUCAO SEM OPERADOR, EXCETO ANDAIMES |;CNE,Redrive;;;;PIRACICABA;SP;13423170;PREPARACAO DE MASSA DE CONCRETO E ARGAMASSA PARA CONSTRUCAO;;;;
595;Bonamix;Servicos De Concretagem Ltda;sac@concrebon.com.br;;;;551934299900;;;;;08877121000470;2330305 - PREPARACAO DE MASSA DE CONCRETO E ARGAMASSA PARA CONSTRUCAO;| 4744099 - COMERCIO VAREJISTA DE MATERIAIS DE CONSTRUCAO EM GERAL | 7732201 - ALUGUEL DE MAQUINAS E EQUIPAMENTOS PARA CONSTRUCAO SEM OPERADOR, EXCETO ANDAIMES |;CNE,Redrive;;;;ITUPEVA;SP;13295000;PREPARACAO DE MASSA DE CONCRETO E ARGAMASSA PARA CONSTRUCAO;;;;
596;Brad;Mix Concreto Eireli;pecorare@pecorare.com.br;;;;551635060909;551633831919;;;;36688556000160;2330305 - PREPARACAO DE MASSA DE CONCRETO E ARGAMASSA PARA CONSTRUCAO;| 2330301 - FABRICACAO DE ESTRUTURAS PRE-MOLDADAS DE CONCRETO ARMADO, EM SERIE E SOB ENCOMENDA | 2330302 - FABRICACAO DE ARTEFATOS DE CIMENTO PARA USO NA CONSTRUCAO | 2330303 - FABRICACAO DE ARTEFATOS DE FIBROCIMENTO PARA USO NA CONSTRUCAO | 4679699 - COMERCIO ATACADISTA DE MATERIAIS DE CONSTRUCAO EM GERAL | 4744099 - COMERCIO VAREJISTA DE MATERIAIS DE CONSTRUCAO EM GERAL | 4930202 - TRANSPORTE RODOVIARIO DE CARGA, EXCETO PRODUTOS PERIGOSOS E MUDANCAS, INTERMUNICIPAL, INTERESTADUAL E INTERNACIONAL |;CNE,Redrive;;;;MATAO;SP;15998030;PREPARACAO DE MASSA DE CONCRETO E ARGAMASSA PARA CONSTRUCAO;;;;
597;Brumi;Materiais De Construcao Ltda;contato@contato.com.br;;;;5517997579695;;;;;29277318000104;2330399 - FABRICACAO DE OUTROS ARTEFATOS E PRODUTOS DE CONCRETO, CIMENTO, FIBROCIMENTO, GESSO E MATERIAIS SEMELHANTES;| 7210000 - PESQUISA E DESENVOLVIMENTO EXPERIMENTAL EM CIENCIAS FISICAS E NATURAIS | 7490199 - OUTRAS ATIVIDADES PROFISSIONAIS, CIENTIFICAS E TECNICAS NAO ESPECIFICADAS ANTERIORMENTE | 4729699 - COMERCIO VAREJISTA DE PRODUTOS ALIMENTICIOS EM GERAL OU ESPECIALIZADO EM PRODUTOS ALIMENTICIOS NAO ESPECIFICADOS ANTERIORMENTE | 4789004 - COMERCIO VAREJISTA DE ANIMAIS VIVOS E DE ARTIGOS E ALIMENTOS PARA ANIMAIS DE ESTIMACAO | 4623109 - COMERCIO ATACADISTA DE ALIMENTOS PARA ANIMAIS |;CNE,Redrive;;;;COSMORAMA;SP;15530000;FABRICACAO DE OUTROS ARTEFATOS E PRODUTOS DE CONCRETO, CIMENTO, FIBROCIMENTO, GESSO E MATERIAIS SEMELHANTES;;;;
598;C.a.;Construcao Civil E Imoveis Ltda;legal@escritorioclaudiocru.com.br;;;;551138453500;;CONCRETO ARMADO;;;12670605000179;4120400 - CONSTRUCAO DE EDIFICIOS;| 7732201 - ALUGUEL DE MAQUINAS E EQUIPAMENTOS PARA CONSTRUCAO SEM OPERADOR, EXCETO ANDAIMES |;CNE,Redrive;;;;SAO PAULO;SP;4548002;CONSTRUCAO DE EDIFICIOS;;;;
620;Mateus;Mjr Mecânica;;;pecas_brasilia.fusca;;5531996059918;5531996059918;;;;;;;Instagram,prudemquimica,seguidores;;;;;;;;;;;
711;Real;Beton;vendas@realbeton.com.br;;realbetonconcretos;;553137625220;553137625220;;;;;;;Instagram,limpaconcreto,seguidores;;;;;;;;;;;
715;SD;MIX CONCRETOS | Concreteira;sdmixconcretos@gmail.com;;sdmix_concretos;;5567999781141;5567999781141;;;;;;;Instagram,limpaconcreto,seguidores;;;;;;;;;;;
716;Cerqueira;Mix;rafaelsouza0513@gmail.com;;cerqueiramix;;5521979064484;5521979064484;;;;;;;Instagram,limpaconcreto,seguidores;;;;;;;;;;;
717;CONCREMAX;- Concrenorte concreto e construções;concretoprimavera@concremax.com.br;;concrenorteconcretos;;5566999972389;5566999972389;;;;;;;Instagram,limpaconcreto,seguidores;;;;;;;;;;;
730;NEGO;PRÉ-MOLDADOS E CONST.;negopremoldados.const@gmail.com;;negoconstrucoes;;5548999940821;5548999940821;;;;;;;Instagram,limpaconcreto,seguidores;;;;;;;;;;;
731;Rio;Pardo Concreteira;riopardoconcreteira@gmail.com;;riopardoconcreteira;;5567932381700;5567932381700;;;;;;;Instagram,limpaconcreto,seguidores;;;;;;;;;;;
733;RB;Mix Concreto Usinado;concretorbmix@gmail.com;;rbmixconcreto;;5514998030833;5514998030833;;;;;;;Instagram,limpaconcreto,seguidores;;;;;;;;;;;
743;TC;Concreto;tcfreitas.minerio@gmail.com;;tc_concreto;;5598986081239;5598986081239;;;;;;;Instagram,limpaconcreto,seguidores;;;;;;;;;;;
754;Gemmax;Gradnja - Firma od poverenja;gemmaxgradnja@gmail.com;;gemmax_gradnja;;38163560305;38163560305;;;;;;;Instagram,limpaconcreto,seguidores;;;;;;;;;;;
784;𝑪𝒐𝒏𝒄𝒓𝒆𝒕𝒎𝒊𝒙;| Concreto usinado;comercial@concretmix.com.br;;concretmix.januaria;;;;;;;;;;Instagram,limpaconcreto,seguidores;;;;;;;;;;;
785;Construtora;Tripolo;sac@tripolo.com.br;;construtoratripolo;;556634268495;556634268495;;;;;;;Instagram,limpaconcreto,seguidores;;;;;;;;;;;
813;Quimassa;;marketing@quimassa.com;;quimassaoficial;;;;;;;;;;Instagram,limpaconcreto,seguidores;;;;;;;;;;;
830;Concreto.Com;Concreto Usinado;;;concretopontocom;;555134181757;555134181757;;;;;;;Instagram,limpaconcreto,seguidores;;;;;;;;;;;
847;Terra;Concreto;;;concreteiraterrasaojoao;;5519997030504;5519997030504;;;;;;;Instagram,limpaconcreto,seguidores;;;;;;;;;;;
850;BRC;Concreto Usinado;administrativo@brcconcreto.com.br;;brcconcreto;;5566996963933;5566996963933;;;;;;;Instagram,limpaconcreto,seguidores;;;;;;;;;;;
852;Concregell;Concreto Usinado;recepcao.concregell@gmail.com;;concregell;;556332173320;556332173320;;;;;;;Instagram,limpaconcreto,seguidores;;;;;;;;;;;
868;MB;Mix Concreto;;;mbmixconcreto;;5577999122383;5577999122383;;;;;;;Instagram,limpaconcreto,seguidores;;;;;;;;;;;
880;Britaki;Concreto;gerencia1@britaki.com.br;;britakiconcreto;;5573999624534;5573999624534;;;;;;;Instagram,limpaconcreto,seguidores;;;;;;;;;;;
891;Autovia;Concreto Ltda.;autovia@autoviaconcreto.com.br;;;;551838413223;;AUTOVIA CONCRETO;;;01967689000190;2330305 - PREPARACAO DE MASSA DE CONCRETO E ARGAMASSA PARA CONSTRUCAO;| 6399200 - OUTRAS ATIVIDADES DE PRESTACAO DE SERVICOS DE INFORMACAO NAO ESPECIFICADAS ANTERIORMENTE |;CNE,Redrive;;;;JUNQUEIROPOLIS;SP;17890000;PREPARACAO DE MASSA DE CONCRETO E ARGAMASSA PARA CONSTRUCAO;;;;
892;Bertelli;- Bombeamento De Concreto Ltda;ruycecon@ruycecon.com.br;;;;551145349700;;;;;18435871000101;4399199 - SERVICOS ESPECIALIZADOS PARA CONSTRUCAO NAO ESPECIFICADOS ANTERIORMENTE;| 7732201 - ALUGUEL DE MAQUINAS E EQUIPAMENTOS PARA CONSTRUCAO SEM OPERADOR, EXCETO ANDAIMES | 4120400 - CONSTRUCAO DE EDIFICIOS | 6810201 - COMPRA E VENDA DE IMOVEIS PROPRIOS |;CNE,Redrive;;;;ITATIBA;SP;13256650;SERVICOS ESPECIALIZADOS PARA CONSTRUCAO NAO ESPECIFICADOS ANTERIORMENTE;;;;
893;A.;C. Otero & Cia Ltda;escritorioveronez@hotmail.com;;;;551432651078;551432651078;A. C. OTERO & CIA LTDA - ME;;;11519564000151;2330305 - PREPARACAO DE MASSA DE CONCRETO E ARGAMASSA PARA CONSTRUCAO;;CNE,Redrive;;;;PIRATININGA;SP;17490001;PREPARACAO DE MASSA DE CONCRETO E ARGAMASSA PARA CONSTRUCAO;;;;
894;Abcret;Industria E Comercio De Artefatos De Concreto Ltda;lumafran@terra.com.br;;;;551138363852;551136799418;;;;09298336000157;2330302 - FABRICACAO DE ARTEFATOS DE CIMENTO PARA USO NA CONSTRUCAO;| 2330301 - FABRICACAO DE ESTRUTURAS PRE-MOLDADAS DE CONCRETO ARMADO, EM SERIE E SOB ENCOMENDA |;CNE,Redrive;;;;CAIEIRAS;SP;7700971;FABRICACAO DE ARTEFATOS DE CIMENTO PARA USO NA CONSTRUCAO;;;;
895;Alexandre;Carvalho Rodrigues De Brito - Concreto;nmetas@nmetas.com.br;;;;551136840255;;;;;10455180000150;2330305 - PREPARACAO DE MASSA DE CONCRETO E ARGAMASSA PARA CONSTRUCAO;| 0111302 - CULTIVO DE MILHO | 0151203 - CRIACAO DE BOVINOS, EXCETO PARA CORTE E LEITE |;CNE,Redrive;;;;OSASCO;SP;6030016;PREPARACAO DE MASSA DE CONCRETO E ARGAMASSA PARA CONSTRUCAO;;;;
896;Allan;Santos Sales;salles274@gmail.com;;;;5518996712298;;LS LAJES E ARTEFATOS DE CONCRETO;;;36163777000114;4744099 - COMERCIO VAREJISTA DE MATERIAIS DE CONSTRUCAO EM GERAL;| 4742300 - COMERCIO VAREJISTA DE MATERIAL ELETRICO | 4744004 - COMERCIO VAREJISTA DE CAL, AREIA, PEDRA BRITADA, TIJOLOS E TELHAS | 4744003 - COMERCIO VAREJISTA DE MATERIAIS HIDRAULICOS | 4744002 - COMERCIO VAREJISTA DE MADEIRA E ARTEFATOS | 4744001 - COMERCIO VAREJISTA DE FERRAGENS E FERRAMENTAS |;CNE,Redrive;;;;PRESIDENTE EPITACIO;SP;19470000;COMERCIO VAREJISTA DE MATERIAIS DE CONSTRUCAO EM GERAL;;;;
897;Adriano;Aparecido Henrique;henrimixconstrutora@gmail.com;;;;551123038278;;HENRI CONCRETO;;;30071012000178;4744099 - COMERCIO VAREJISTA DE MATERIAIS DE CONSTRUCAO EM GERAL;;CNE,Redrive;;;;SAO PAULO;SP;8240430;COMERCIO VAREJISTA DE MATERIAIS DE CONSTRUCAO EM GERAL;;;;
898;Anacleto;Mix Concretos Ltda;dantascontabilista@gmail.com;;;;5513997255136;;ANACLETO MIX CONCRETOS;;;39601979000199;2330305 - PREPARACAO DE MASSA DE CONCRETO E ARGAMASSA PARA CONSTRUCAO;;CNE,Redrive;;;;ITANHAEM;SP;11740000;PREPARACAO DE MASSA DE CONCRETO E ARGAMASSA PARA CONSTRUCAO;;;;
900;Ana;Paula Ferreira Do Carmo;isabellyf.campos@gmail.com;;;;551152724332;;DAN MIX CONCRETO;;;29014836000127;7732201 - ALUGUEL DE MAQUINAS E EQUIPAMENTOS PARA CONSTRUCAO SEM OPERADOR, EXCETO ANDAIMES;| 8219999 - PREPARACAO DE DOCUMENTOS E SERVICOS ESPECIALIZADOS DE APOIO ADMINISTRATIVO NAO ESPECIFICADOS ANTERIORMENTE |;CNE,Redrive;;;;EMBU DAS ARTES;SP;6817180;ALUGUEL DE MAQUINAS E EQUIPAMENTOS PARA CONSTRUCAO SEM OPERADOR, EXCETO ANDAIMES;;;;
901;Andrade;Britta Tecnologia Em Concreto Asfaltico Arusp Ltda;juridico@andradebritta.com.br;;;;551236086000;5512991999433;ANDRADE BRITTA - TECNOLOGIA EM CONCRETO ASFALTICO;;;16739182000157;2330305 - PREPARACAO DE MASSA DE CONCRETO E ARGAMASSA PARA CONSTRUCAO;| 4744099 - COMERCIO VAREJISTA DE MATERIAIS DE CONSTRUCAO EM GERAL |;CNE,Redrive;;;;ARUJA;SP;7400015;PREPARACAO DE MASSA DE CONCRETO E ARGAMASSA PARA CONSTRUCAO;;;;
903;Argamassas;Industrializadas Mm Ltda;;;;;551938062333;;;;;96439203000158;2330305 - PREPARACAO DE MASSA DE CONCRETO E ARGAMASSA PARA CONSTRUCAO;| 4613300 - REPRESENTANTES COMERCIAIS E AGENTES DO COMERCIO DE MADEIRA, MATERIAL DE CONSTRUCAO E FERRAGENS |;CNE,Redrive;;;;MOGI MIRIM;SP;13803330;PREPARACAO DE MASSA DE CONCRETO E ARGAMASSA PARA CONSTRUCAO;;;;
905;Antonio;Cristiano Leonel;cristianoleonel770@gmail.com;;;;551332588671;;C.J.S.A LAJES FERRAGENS E ARTEFATOS DE CONCRETOS;;;34226288000139;4744099 - COMERCIO VAREJISTA DE MATERIAIS DE CONSTRUCAO EM GERAL;| 4744003 - COMERCIO VAREJISTA DE MATERIAIS HIDRAULICOS | 4744004 - COMERCIO VAREJISTA DE CAL, AREIA, PEDRA BRITADA, TIJOLOS E TELHAS | 4741500 - COMERCIO VAREJISTA DE TINTAS E MATERIAIS PARA PINTURA | 4744002 - COMERCIO VAREJISTA DE MADEIRA E ARTEFATOS | 4744001 - COMERCIO VAREJISTA DE FERRAGENS E FERRAMENTAS |;CNE,Redrive;;;;SANTOS;SP;11080670;COMERCIO VAREJISTA DE MATERIAIS DE CONSTRUCAO EM GERAL;;;;
907;Antonio;Rodrigues Santos Neto;laercio.accord.sp@gmail.com;;;;5511961546153;;GRUPO MIX CONCRETO E LOCACAO DE EQUIPAM;;;35904288000103;7732201 - ALUGUEL DE MAQUINAS E EQUIPAMENTOS PARA CONSTRUCAO SEM OPERADOR, EXCETO ANDAIMES;| 4744004 - COMERCIO VAREJISTA DE CAL, AREIA, PEDRA BRITADA, TIJOLOS E TELHAS |;CNE,Redrive;;;;SAO PAULO;SP;5181650;ALUGUEL DE MAQUINAS E EQUIPAMENTOS PARA CONSTRUCAO SEM OPERADOR, EXCETO ANDAIMES;;;;
908;Argafran;Argamassa Ltda;argafranargamassa@gmail.com;;;;551637038114;5516990514141;ARGAFRAN ARGAMASSA;;;29922268000162;2330305 - PREPARACAO DE MASSA DE CONCRETO E ARGAMASSA PARA CONSTRUCAO;| 2330301 - FABRICACAO DE ESTRUTURAS PRE-MOLDADAS DE CONCRETO ARMADO, EM SERIE E SOB ENCOMENDA |;CNE,Redrive;;;;FRANCA;SP;14403718;PREPARACAO DE MASSA DE CONCRETO E ARGAMASSA PARA CONSTRUCAO;;;;
909;Arciuna;Industria E Comercio De Materiais Para Construcao  Ltda;escritoriodicon@uol.com.br;;;;551236323736;551236323587;UNATUBOS - TUBOS DE CONCRETO;;;07523300000102;2330302 - FABRICACAO DE ARTEFATOS DE CIMENTO PARA USO NA CONSTRUCAO;| 4744005 - COMERCIO VAREJISTA DE MATERIAIS DE CONSTRUCAO NAO ESPECIFICADOS ANTERIORMENTE |;CNE,Redrive;;;;TAUBATE;SP;12072340;FABRICACAO DE ARTEFATOS DE CIMENTO PARA USO NA CONSTRUCAO;;;;
910;Bloco;Mr E Artefatos De Cimento Eireli;adm@metamixconcreto.com.br;;;;551532025180;;M R BLOCOS E PISOS;;;30590790000173;2330302 - FABRICACAO DE ARTEFATOS DE CIMENTO PARA USO NA CONSTRUCAO;| 4679699 - COMERCIO ATACADISTA DE MATERIAIS DE CONSTRUCAO EM GERAL | 4744099 - COMERCIO VAREJISTA DE MATERIAIS DE CONSTRUCAO EM GERAL |;CNE,Redrive;;;;SOROCABA;SP;18087350;FABRICACAO DE ARTEFATOS DE CIMENTO PARA USO NA CONSTRUCAO;;;;
912;Bocardo;Servicos De Concretagem Ltda;zanchettacont@terra.com.br;;;;551833511826;;CONCRETARIA BOCARDO;;;25032787000102;2330305 - PREPARACAO DE MASSA DE CONCRETO E ARGAMASSA PARA CONSTRUCAO;| 2330302 - FABRICACAO DE ARTEFATOS DE CIMENTO PARA USO NA CONSTRUCAO |;CNE,Redrive;;;;PALMITAL;SP;19970000;PREPARACAO DE MASSA DE CONCRETO E ARGAMASSA PARA CONSTRUCAO;;;;
913;Br;- Bueno & Rocha Industria E Comercio De Argamassa Ltda.;argacolargamassa@hotmail.com;;;;551935245234;;;;;10611140000150;2330305 - PREPARACAO DE MASSA DE CONCRETO E ARGAMASSA PARA CONSTRUCAO;;CNE,Redrive;;;;RIO CLARO;SP;13502741;PREPARACAO DE MASSA DE CONCRETO E ARGAMASSA PARA CONSTRUCAO;;;;
916;C;R Concreto Usinado Ltda;societario@novaamerica.net;;;;551934759971;551934759970;;;;14630184000188;2330305 - PREPARACAO DE MASSA DE CONCRETO E ARGAMASSA PARA CONSTRUCAO;;CNE,Redrive;;;;NOVA ODESSA;SP;13380001;PREPARACAO DE MASSA DE CONCRETO E ARGAMASSA PARA CONSTRUCAO;;;;
917;Brasil;Mix Concreto Ltda;contato@jpwassessoriacontabil.com.br;;;;551330342714;551330342715;;;;20957509000215;2330305 - PREPARACAO DE MASSA DE CONCRETO E ARGAMASSA PARA CONSTRUCAO;;CNE,Redrive;;;;ITANHAEM;SP;11740000;PREPARACAO DE MASSA DE CONCRETO E ARGAMASSA PARA CONSTRUCAO;;;;
921;Fenix;Concreto Usinado Ltda;fenix.tecnica@uol.com.br;;;;551128674809;5511982316902;FENIX CONCRETO;;;10983418000110;4399199 - SERVICOS ESPECIALIZADOS PARA CONSTRUCAO NAO ESPECIFICADOS ANTERIORMENTE;| 4686902 - COMERCIO ATACADISTA DE EMBALAGENS | 4634602 - COMERCIO ATACADISTA DE AVES ABATIDAS E DERIVADOS |;CNE,Nutrindo;;;;SAO PAULO;SP;8140060;SERVICOS ESPECIALIZADOS PARA CONSTRUCAO NAO ESPECIFICADOS ANTERIORMENTE;;;;
922;Extramix;- Concreto Ltda;valquiria.dir@gbase.com.br;;;;551146028080;;;;;11517262000810;0810099 - EXTRACAO E BRITAMENTO DE PEDRAS E OUTROS MATERIAIS PARA CONSTRUCAO E BENEFICIAMENTO ASSOCIADO;| 4744004 - COMERCIO VAREJISTA DE CAL, AREIA, PEDRA BRITADA, TIJOLOS E TELHAS |;CNE,Redrive,Sem WhatsApp;;;;JAGUARIUNA;SP;13914682;EXTRACAO E BRITAMENTO DE PEDRAS E OUTROS MATERIAIS PARA CONSTRUCAO E BENEFICIAMENTO ASSOCIADO;;;;
923;Claude;Denis Nahas;simone@ellycontabil.com.br;;;;551136117792;;NAHAS CONCRETO;;;19108730000139;4399199 - SERVICOS ESPECIALIZADOS PARA CONSTRUCAO NAO ESPECIFICADOS ANTERIORMENTE;| 8111700 - SERVICOS COMBINADOS PARA APOIO A EDIFICIOS, EXCETO CONDOMINIOS PREDIAIS |;CNE,Redrive,Sem WhatsApp;;;;SAO PAULO;SP;4119010;SERVICOS ESPECIALIZADOS PARA CONSTRUCAO NAO ESPECIFICADOS ANTERIORMENTE;;;;
924;Cirillo;Industria E Comercio De Blocos E Materiais Para Construcao Ltda.;contato@hlcontabilidade.com.br;;;;551127537936;551127537110;CIRILLO COM. MATS.PARA CONSTRUCAO;;;03670394000183;2330301 - FABRICACAO DE ESTRUTURAS PRE-MOLDADAS DE CONCRETO ARMADO, EM SERIE E SOB ENCOMENDA;;CNE,Nutrindo,Redrive;;;;SAO CARLOS;SP;13573490;FABRICACAO DE ESTRUTURAS PREMOLDADAS DE CONCRETO ARMADO, EM SERIE E SOB ENCOMENDA;;;;
925;Centreville;Ind E Com De Materiais De Construcao Ltda;astro@escritorioastro.com.br;;;;551934425096;;CENTREVILLE;;;05601990000137;2330301 - FABRICACAO DE ESTRUTURAS PRE-MOLDADAS DE CONCRETO ARMADO, EM SERIE E SOB ENCOMENDA;| 4744099 - COMERCIO VAREJISTA DE MATERIAIS DE CONSTRUCAO EM GERAL |;CNE,Redrive,Sem WhatsApp;;;;LIMEIRA;SP;13484270;FABRICACAO DE ESTRUTURAS PREMOLDADAS DE CONCRETO ARMADO, EM SERIE E SOB ENCOMENDA;;;;
926;Cesar;Augusto Tessarini Buzeli;pinhal_plan@hotmail.com;;;;551936512018;;PINHALPLAN MATERIAIS PARA CONSTRUCAO;;;11695326000105;2330399 - FABRICACAO DE OUTROS ARTEFATOS E PRODUTOS DE CONCRETO, CIMENTO, FIBROCIMENTO, GESSO E MATERIAIS SEMELHANTES;| 4712100 - COMERCIO VAREJISTA DE MERCADORIAS EM GERAL, COM PREDOMINANCIA DE PRODUTOS ALIMENTICIOS - MINIMERCADOS, MERCEARIAS E ARMAZENS |;CNE,Redrive,Sem WhatsApp;;;;ESPIRITO SANTO DO PINHAL;SP;13990000;FABRICACAO DE OUTROS ARTEFATOS E PRODUTOS DE CONCRETO, CIMENTO, FIBROCIMENTO, GESSO E MATERIAIS SEMELHANTES;;;;
928;Celina;Aparecida Paiva;;;;;551231121866;5512997761779;GRILO CONCRETO;;;07516416000106;4744099 - COMERCIO VAREJISTA DE MATERIAIS DE CONSTRUCAO EM GERAL;;CNE,Nutrindo,Redrive;;;;POTIM;SP;12525000;COMERCIO VAREJISTA DE MATERIAIS DE CONSTRUCAO EM GERAL;;;;
929;Casa;Do Concreto Eireli;contato@casadoconcreto.com.br;;;;551732641234;;;;;08102589000140;2330302 - FABRICACAO DE ARTEFATOS DE CIMENTO PARA USO NA CONSTRUCAO;| 0151201 - CRIACAO DE BOVINOS PARA CORTE | 0151203 - CRIACAO DE BOVINOS, EXCETO PARA CORTE E LEITE |;CNE,Redrive,Sem WhatsApp;;;;BALSAMO;SP;15140000;FABRICACAO DE ARTEFATOS DE CIMENTO PARA USO NA CONSTRUCAO;;;;
931;Mega;Construbras Industria E Comercio Ltda;douglas.assis999@gmail.com;;;;551141883697;;MEGA CONSTRUBRAS;;;11578280000136;2330305 - PREPARACAO DE MASSA DE CONCRETO E ARGAMASSA PARA CONSTRUCAO;| 4321500 - INSTALACAO E MANUTENCAO ELETRICA | 4399103 - OBRAS DE ALVENARIA | 4330404 - SERVICOS DE PINTURA DE EDIFICIOS EM GERAL | 4322301 - INSTALACOES HIDRAULICAS, SANITARIAS E DE GAS | 4330405 - APLICACAO DE REVESTIMENTOS E DE RESINAS EM INTERIORES E EXTERIORES |;CNE,Sem WhatsApp;;;;CARAPICUIBA;SP;6381480;PREPARACAO DE MASSA DE CONCRETO E ARGAMASSA PARA CONSTRUCAO;;;;
991;BETO;RETIFICA;carlosalberto1992@hotmail.com;;betoretifica;;5582999559062;5582999559062;;;;;;;Instagram,prudemquimica,seguidores;;;;;;;;;;;
993;Goias;Correias Mantas;goiascorreias.claudiney@gmail.com;;goiascorreias;;5562991220301;5562991220301;;;;;;;Instagram,prudemquimica,seguidores;;;;;;;;;;;
1038;RMCA;Engenharia Ltda.;rmca@rmcaengenharia.com;;rmcaengenharia;;5585996301990;5585996301990;;;;;;;Instagram,prudemquimica,seguidores;;;;;;;;;;;
1072;Vale;da Serra Construtora & Concreto;atendimento@fogliatto.com.br;;valedaserraconstrutora;;556533391470;556533391470;;;;;;;Instagram,limpaconcreto,seguidores;;;;;;;;;;;
1078;SOMOS;PAVIMENTOS 3182702565;pavimentamos@hotmail.com;;paviquim_;;573182702565;573182702565;;;;;;;Instagram,limpaconcreto,seguidores;;;;;;;;;;;
1092;S;& L Concreto;selconcreto2@gmail.com;;selconcreto;;5562981989218;5562981989218;;;;;;;Instagram,limpaconcreto,seguidores;;;;;;;;;;;
1093;JPB;Rental;contato@jpbrental.com.br;;jpbrental;;;;;;;;;;Instagram,limpaconcreto,seguidores;;;;;;;;;;;
1095;TOTAL;PAV SP;orcamentos@totalpavsp.com.br;;totalpav.sp;;5511989694514;5511989694514;;;;;;;Instagram,limpaconcreto,seguidores;;;;;;;;;;;
1096;Polimix;concreto usinado;polimixpagamentos869@gmail.com;;polimixconcreto2;;5511933826636;5511933826636;;;;;;;Instagram,limpaconcreto,seguidores;;;;;;;;;;;
1097;Ricamix;;contato@ricamix.com.br;;ricamix_;;;;;;;;;;Instagram,limpaconcreto,seguidores;;;;;;;;;;;
1117;Cerenge;;Cerenge@cerenge.com.br;;grupocerenge;;;;;;;;;;Instagram,limpaconcreto,seguidores;;;;;;;;;;;
1121;PoçãoMix;| Concreto e Bomba;alberto.j.siqueira@gmail.com;;pocaomix;;5581998231761;5581998231761;;;;;;;Instagram,limpaconcreto,seguidores;;;;;;;;;;;
1150;Super;Beto;;;super_betoo;;551193962270;551193962270;;;;;;;Instagram,limpaconcreto,seguidores;;;;;;;;;;;
1154;Grupo;Bm&P Engenharia;bmpengenharia@hotmail.com;;bmpmixconcreto;;5543984430765;5543984430765;;;;;;;Instagram,limpaconcreto,seguidores;;;;;;;;;;;
1162;Solo;Novo Areia Brita Concreto;solonovoareiaebrita@outlook.com;;solonovoconcreto;;553432295476;553432295476;;;;;;;Instagram,limpaconcreto,seguidores;;;;;;;;;;;
1179;brasilia;Concreto Usinado Df - Whatsapp 61-4101-1118;;;brasiliaconcretousinado;;556141011118;556141011118;;;;;;;Instagram,limpaconcreto,seguidores;;;;;;;;;;;
1203;Rentalmix;Bombas e Concreto;gabriel@rentalmix.com.br;;rentalmix_bombas_concreto;;551141951269;551141951269;;;;;;;Instagram,limpaconcreto,seguidores;;;;;;;;;;;
1213;Lè;Mix Concreto;;;lemixconcreto;;558230152322;558230152322;;;;;;;Instagram,limpaconcreto,seguidores;;;;;;;;;;;
1214;MINEROMIX;;mineromix@hotmail.com;;mineromix;;554535784101;554535784101;;;;;;;Instagram,limpaconcreto,seguidores;;;;;;;;;;;
1221;NasceMix;- Concreto e Serviços;;;nascemix_concretousinado;;5511966577139;5511966577139;;;;;;;Instagram,limpaconcreto,seguidores;;;;;;;;;;;
1248;Cbuq;- Preparacao De Concreto Betuminoso Eireli;patriciageo@gmail.com;;;;5519991661740;551934334855;;;;27644644000250;7732201 - ALUGUEL DE MAQUINAS E EQUIPAMENTOS PARA CONSTRUCAO SEM OPERADOR, EXCETO ANDAIMES;| 4520007 - SERVICOS DE INSTALACAO, MANUTENCAO E REPARACAO DE ACESSORIOS PARA VEICULOS AUTOMOTORES |;CNE,Nutrindo,Redrive;;;;NOVA ODESSA;SP;13380001;ALUGUEL DE MAQUINAS E EQUIPAMENTOS PARA CONSTRUCAO SEM OPERADOR, EXCETO ANDAIMES;;;;
1249;Casa;Nova E Concreto - Servicos De Construcao Ltda;admoest@hotmail.com;;;;551124041828;;CASA NOVA CONCRETO USINADO;;;26028710000113;4399199 - SERVICOS ESPECIALIZADOS PARA CONSTRUCAO NAO ESPECIFICADOS ANTERIORMENTE;;CNE,Redrive,Sem WhatsApp;;;;GUARULHOS;SP;7141210;SERVICOS ESPECIALIZADOS PARA CONSTRUCAO NAO ESPECIFICADOS ANTERIORMENTE;;;;
1251;Claudio;Matias Soares;pradojardimcontabilidade@outlook.com;;;;551144882723;;CLAUDIO MIX CONCRETO;;;21724634000167;7732201 - ALUGUEL DE MAQUINAS E EQUIPAMENTOS PARA CONSTRUCAO SEM OPERADOR, EXCETO ANDAIMES;| 4313400 - OBRAS DE TERRAPLENAGEM |;CNE,Redrive,Sem WhatsApp;;;;FRANCISCO MORATO;SP;7912120;ALUGUEL DE MAQUINAS E EQUIPAMENTOS PARA CONSTRUCAO SEM OPERADOR, EXCETO ANDAIMES;;;;
1252;Clarinda;Vicente Ferreira;serafimcontabil@hotmail.com;;;;5516993472610;;MIX CONCRETEIRA;;;17235424000138;2330305 - PREPARACAO DE MASSA DE CONCRETO E ARGAMASSA PARA CONSTRUCAO;;CNE,Nutrindo,Redrive;;;;CRISTAIS PAULISTA;SP;14460000;PREPARACAO DE MASSA DE CONCRETO E ARGAMASSA PARA CONSTRUCAO;;;;
1253;Clanap;Comercio,importacao, Exportacao Ltda;sac@progressocontabil.com.br;;;;551123445252;;;;;02371883000171;2330305 - PREPARACAO DE MASSA DE CONCRETO E ARGAMASSA PARA CONSTRUCAO;| 8599604 - TREINAMENTO EM DESENVOLVIMENTO PROFISSIONAL E GERENCIAL |;CNE,Redrive,Sem WhatsApp;;;;SAO PAULO;SP;3178020;PREPARACAO DE MASSA DE CONCRETO E ARGAMASSA PARA CONSTRUCAO;;;;
1254;Macro;Fort - Artefatos De Concreto Ltda;erb.bastos@hotmail.com;;;;551434782790;;LAJES MACRO FORT;;;08763196000340;2330302 - FABRICACAO DE ARTEFATOS DE CIMENTO PARA USO NA CONSTRUCAO;| 4744099 - COMERCIO VAREJISTA DE MATERIAIS DE CONSTRUCAO EM GERAL |;CNE,Sem WhatsApp;;;;BASTOS;SP;17690000;FABRICACAO DE ARTEFATOS DE CIMENTO PARA USO NA CONSTRUCAO;;;;
1256;Marcomix;- Concreto, Servicos E Locacoes Ltda;victor@contacem.cnt.br;;;;551833248401;551833416495;MARCOMIX - CONCRETO, SERVICOS E LOCACOES LTDA;;;30993841000108;7732201 - ALUGUEL DE MAQUINAS E EQUIPAMENTOS PARA CONSTRUCAO SEM OPERADOR, EXCETO ANDAIMES;;CNE,Sem WhatsApp;;;;TARUMA;SP;19820000;ALUGUEL DE MAQUINAS E EQUIPAMENTOS PARA CONSTRUCAO SEM OPERADOR, EXCETO ANDAIMES;;;;
1257;Central;Do Concreto Ltda;lealcontabil@ig.com.br;;;;551124972566;;;;;11119057000120;4744099 - COMERCIO VAREJISTA DE MATERIAIS DE CONSTRUCAO EM GERAL;| 6202300 - DESENVOLVIMENTO E LICENCIAMENTO DE PROGRAMAS DE COMPUTADOR CUSTOMIZAVEIS | 6201501 - DESENVOLVIMENTO DE PROGRAMAS DE COMPUTADOR SOB ENCOMENDA | 6209100 - SUPORTE TECNICO, MANUTENCAO E OUTROS SERVICOS EM TECNOLOGIA DA INFORMACAO | 6204000 - CONSULTORIA EM TECNOLOGIA DA INFORMACAO | 8599603 - TREINAMENTO EM INFORMATICA | 6319400 - PORTAIS, PROVEDORES DE CONTEUDO E OUTROS SERVICOS DE INFORMACAO NA INTERNET | 6203100 - DESENVOLVIMENTO E LICENCIAMENTO DE PROGRAMAS DE COMPUTADOR NAO-CUSTOMIZAVEIS |;CNE,Redrive,Sem WhatsApp;;;;GUARULHOS;SP;7077110;COMERCIO VAREJISTA DE MATERIAIS DE CONSTRUCAO EM GERAL;;;;
1260;Argamais;Tecnologia Em Argamassas Ltda;;;;;551146554839;;ARGAMAIS;;;05888408000165;2330305 - PREPARACAO DE MASSA DE CONCRETO E ARGAMASSA PARA CONSTRUCAO;;CNE,Redrive;;;;ARUJA;SP;7400015;PREPARACAO DE MASSA DE CONCRETO E ARGAMASSA PARA CONSTRUCAO;;;;
1264;Bruna;F. Dinallo;usimassa@gmail.com;;;;551832216276;;USI-MASSA;;;10156615000165;2330305 - PREPARACAO DE MASSA DE CONCRETO E ARGAMASSA PARA CONSTRUCAO;| 4399199 - SERVICOS ESPECIALIZADOS PARA CONSTRUCAO NAO ESPECIFICADOS ANTERIORMENTE |;CNE,Redrive;;;;PRESIDENTE PRUDENTE;SP;19043130;PREPARACAO DE MASSA DE CONCRETO E ARGAMASSA PARA CONSTRUCAO;;;;
1265;Bueno;& Silva Materiais Para Construcao Ltda;lune.sor@terra.com.br;;;;551532116731;;LAJES BUENO;;;05540360000108;2330301 - FABRICACAO DE ESTRUTURAS PRE-MOLDADAS DE CONCRETO ARMADO, EM SERIE E SOB ENCOMENDA;| 2330302 - FABRICACAO DE ARTEFATOS DE CIMENTO PARA USO NA CONSTRUCAO | 4744001 - COMERCIO VAREJISTA DE FERRAGENS E FERRAMENTAS | 4744099 - COMERCIO VAREJISTA DE MATERIAIS DE CONSTRUCAO EM GERAL |;CNE,Redrive;;;;SOROCABA;SP;18078005;FABRICACAO DE ESTRUTURAS PREMOLDADAS DE CONCRETO ARMADO, EM SERIE E SOB ENCOMENDA;;;;
1268;C.a.;Da Silva Concretos;olinda_orag@hotmail.com;;;;551631451175;5516981565202;M.M. CONCRETOS;;;67057455000114;4399199 - SERVICOS ESPECIALIZADOS PARA CONSTRUCAO NAO ESPECIFICADOS ANTERIORMENTE;| 2330305 - PREPARACAO DE MASSA DE CONCRETO E ARGAMASSA PARA CONSTRUCAO |;CNE,Redrive;;;;ITIRAPUA;SP;14420000;SERVICOS ESPECIALIZADOS PARA CONSTRUCAO NAO ESPECIFICADOS ANTERIORMENTE;;;;
1269;Art-spray;Industria E Comercio De Revestimentos Eireli;eduardo@contclass.com.br;;;;551147076450;;;;;34308077000145;2330305 - PREPARACAO DE MASSA DE CONCRETO E ARGAMASSA PARA CONSTRUCAO;| 2071100 - FABRICACAO DE TINTAS, VERNIZES, ESMALTES E LACAS | 4679699 - COMERCIO ATACADISTA DE MATERIAIS DE CONSTRUCAO EM GERAL |;CNE,Redrive;;;;JANDIRA;SP;6618010;PREPARACAO DE MASSA DE CONCRETO E ARGAMASSA PARA CONSTRUCAO;;;;
1270;Baikal;Tecnologia Em Bombeamento E Distribuicao De Concreto Eireli;adm.baikal@gmail.com;;;;551138038510;;;;;16838532000132;4399199 - SERVICOS ESPECIALIZADOS PARA CONSTRUCAO NAO ESPECIFICADOS ANTERIORMENTE;| 7732201 - ALUGUEL DE MAQUINAS E EQUIPAMENTOS PARA CONSTRUCAO SEM OPERADOR, EXCETO ANDAIMES |;CNE,Redrive;;;;SAO PAULO;SP;2673000;SERVICOS ESPECIALIZADOS PARA CONSTRUCAO NAO ESPECIFICADOS ANTERIORMENTE;;;;
1271;B.a.;De Oliveira Reformas E Construcoes;contato@salvemixconcreto.com.br;;;;551120933637;;;;;20298472000180;4120400 - CONSTRUCAO DE EDIFICIOS;| 4330499 - OUTRAS OBRAS DE ACABAMENTO DA CONSTRUCAO | 4744099 - COMERCIO VAREJISTA DE MATERIAIS DE CONSTRUCAO EM GERAL |;CNE,Redrive;;;;SAO PAULO;SP;8160420;CONSTRUCAO DE EDIFICIOS;;;;
1273;Beton;Block Industria E Comercio De Blocos, Pavers E Artefatos De Concreto E Prestacao De Servicos Em Usinagem Eireli;fabio@ruedax.com.br;;;;551122119044;;BETON BLOCK;;;22912640000100;2330302 - FABRICACAO DE ARTEFATOS DE CIMENTO PARA USO NA CONSTRUCAO;| 0111302 - CULTIVO DE MILHO | 0115600 - CULTIVO DE SOJA |;CNE,Redrive;;;;ARACARIGUAMA;SP;18147000;FABRICACAO DE ARTEFATOS DE CIMENTO PARA USO NA CONSTRUCAO;;;;
1274;A.k;Machado Materiais Para Construcao Ltda;balmant@escadasdeconcreto.com.br;;;;551146470243;;CARVALHO CONSTRUCOES;;;02247100000142;4744005 - COMERCIO VAREJISTA DE MATERIAIS DE CONSTRUCAO NAO ESPECIFICADOS ANTERIORMENTE;| 4930202 - TRANSPORTE RODOVIARIO DE CARGA, EXCETO PRODUTOS PERIGOSOS E MUDANCAS, INTERMUNICIPAL, INTERESTADUAL E INTERNACIONAL |;CNE,Redrive;;;;ITAQUAQUECETUBA;SP;8577000;COMERCIO VAREJISTA DE MATERIAIS DE CONSTRUCAO NAO ESPECIFICADOS ANTERIORMENTE;;;;
1275;Adriano;De Andrade Lima;pesadaolajes@hotmail.com;;;;5511986798038;;CHAMAMIX CONCRETO E LAJE;;;30275989000107;4744099 - COMERCIO VAREJISTA DE MATERIAIS DE CONSTRUCAO EM GERAL;;CNE,Redrive;;;;ITAQUAQUECETUBA;SP;8583690;COMERCIO VAREJISTA DE MATERIAIS DE CONSTRUCAO EM GERAL;;;;
;;;
;;;